rank,nama_perusahaan,market_cap_usd_billion,harga_usd,perubahan_harian_persen,negara
1,NVIDIANVDA,5271.0,218.29,0.03,USA
2,AppleAAPL,4849.0,332.27,1.75,USA
3,Alphabet (Google)GOOG,4102.0,335.45,1.53,USA
4,MicrosoftMSFT,3680.0,495.63,0.65,USA
5,AmazonAMZN,2769.0,256.78,1.94,USA
6,TSMCTSM,2246.0,433.24,1.22,Taiwan
7,SpaceXSPCX,1993.0,151.21,2.04,USA
8,BroadcomAVGO,1728.0,361.99,0.32,USA
9,Saudi Aramco2222.SR,1657.0,6.85,1.61,S. Arabia
10,Meta Platforms (Facebook)META,1650.0,648.03,0.57,USA
11,TeslaTSLA,1443.0,365.44,0.52,USA
12,Samsung005930.KS,1226.0,186.82,3.18,S. Korea
13,Micron TechnologyMU,1101.0,975.26,0.22,USA
14,Berkshire HathawayBRK-B,1092.0,510.37,0.66,USA
15,Eli LillyLLY,994.91,1116.0,0.65,USA
16,JPMorgan ChaseJPM,946.92,356.23,0.76,USA
17,SK Hynix000660.KS,904.15,1274.0,5.46,S. Korea
18,WalmartWMT,852.7,107.15,1.34,USA
19,AMDAMD,842.56,516.13,2.49,USA
20,VisaV,691.64,370.45,0.88,USA
21,Exxon MobilXOM,682.53,165.99,0.46,USA
22,ASMLASML,652.31,1698.0,0.64,Netherlands
23,Johnson & JohnsonJNJ,640.02,265.58,0.29,USA
24,CXMT688825.SS,580.82,8.2,3.03,China
25,IntelINTC,544.15,102.94,2.61,USA
26,MastercardMA,498.61,569.19,0.68,USA
27,TencentTCEHY,492.75,54.55,1.32,China
28,AbbVieABBV,454.36,257.12,0.83,USA
29,CiscoCSCO,442.08,112.13,4.37,USA
30,Bank of AmericaBAC,438.37,62.69,0.21,USA
31,China Construction Bank601939.SS,434.9,1.66,1.18,China
32,OracleORCL,432.87,150.28,1.74,USA
33,ChevronCVX,419.9,214.06,0.61,USA
34,PalantirPLTR,401.86,167.23,0.83,USA
35,CostcoCOST,401.24,904.77,0.26,USA
36,Coca-ColaKO,379.87,88.29,0.52,USA
37,CaterpillarCAT,376.27,818.57,1.69,USA
38,Lam ResearchLRCX,373.16,298.22,0.07,USA
39,Agricultural Bank of China601288.SS,365.27,1.04,0.43,China
40,Applied MaterialsAMAT,362.26,456.49,0.55,USA
41,DellDELL,360.69,567.29,11.98,USA
42,HSBCHSBC,360.62,105.3,1.54,UK
43,MerckMRK,355.1,143.93,0.54,USA
44,ICBC1398.HK,346.07,0.97,0.07,China
45,RocheRO.SW,343.8,431.49,0.0,Switzerland
46,UnitedHealthUNH,340.26,379.09,2.37,USA
47,Procter & GamblePG,337.41,145.27,1.61,USA
48,Morgan StanleyMS,336.69,214.38,0.81,USA
49,General ElectricGE,335.81,323.66,0.15,USA
50,NetflixNFLX,322.28,77.4,1.83,USA
51,Bank of China601988.SS,318.99,0.99,1.07,China
52,Home DepotHD,308.02,308.74,1.0,USA
53,Goldman SachsGS,299.66,1029.0,0.92,USA
54,Philip Morris InternationalPM,297.78,191.06,0.68,USA
55,Royal Bank Of CanadaRY,285.05,205.9,0.04,Canada
56,Arm HoldingsARM,282.79,264.79,4.17,UK
57,ShellSHEL,276.7,96.77,0.84,UK
58,Wells FargoWFC,273.03,90.29,0.94,USA
59,AlibabaBABA,271.67,109.3,0.68,China
60,Palo Alto NetworksPANW,270.47,330.65,2.32,USA
61,Mitsubishi UFJ FinancialMUFG,268.9,23.89,2.58,Japan
62,RTXRTX,266.42,197.68,0.22,USA
63,NovartisNVS,260.7,137.16,0.23,Switzerland
64,GE VernovaGEV,254.95,957.27,3.61,USA
65,Arista NetworksANET,251.72,199.59,5.61,USA
66,AstraZenecaAZN,248.4,160.17,0.33,UK
67,Texas InstrumentsTXN,245.38,268.7,3.82,USA
68,NestléNESN.SW,244.07,94.89,0.26,Switzerland
69,SiemensSIE.DE,239.33,306.73,2.54,Germany
70,SandiskSNDK,239.15,1633.0,3.5,USA
71,SAPSAP,238.18,206.36,0.2,Germany
72,Kweichow Moutai600519.SS,238.16,190.52,0.21,China
73,LVMHMC.PA,237.28,481.34,2.16,France
74,KLAKLAC,236.01,180.64,1.95,USA
75,CATL300750.SZ,235.23,50.84,3.17,China
76,PetroChina0857.HK,234.77,1.28,0.8,China
77,ToyotaTM,234.7,198.2,2.97,Japan
78,L'OréalOR.PA,234.5,440.25,1.14,France
79,CitigroupC,232.86,138.82,0.23,USA
80,MediaTek2454.TW,230.21,144.14,0.44,Taiwan
81,IBMIBM,229.21,243.29,3.96,USA
82,Thermo Fisher ScientificTMO,225.47,609.82,1.1,USA
83,BHP GroupBHP,221.48,87.15,0.23,Australia
84,American ExpressAXP,219.26,324.69,1.24,USA
85,China Mobile0941.HK,218.7,10.09,0.25,China
86,International Holding CompanyIHC.AE,218.6,99.66,0.27,UAE
87,SantanderSAN,217.13,14.96,2.26,Spain
88,SoftBank Group Corp.9984.T,215.53,37.82,11.09,Japan
89,LindeLIN,214.91,466.22,1.0,UK
90,Marvell TechnologyMRVL,212.18,236.1,4.03,USA
91,CrowdStrikeCRWD,211.68,206.74,1.02,USA
92,VerizonVZ,210.27,50.61,1.28,USA
93,AmphenolAPH,206.94,83.92,4.57,USA
94,AmgenAMGN,204.0,377.35,1.34,USA
95,SalesforceCRM,203.87,247.72,1.94,USA
96,TotalEnergiesTTE,203.06,91.89,0.72,France
97,Toronto Dominion BankTD,198.21,120.97,0.69,Canada
98,T-Mobile USTMUS,195.58,182.33,2.92,USA
99,InditexITX.MC,195.03,62.61,1.03,Spain
100,Allianz SEALV.DE,194.43,512.63,0.64,Germany
101,QUALCOMMQCOM,194.35,181.97,2.88,USA
102,Novo NordiskNVO,190.32,43.07,2.14,Denmark
103,Schneider ElectricSU.PA,190.07,337.39,1.29,France
104,Seagate TechnologySTX,188.77,830.17,3.73,Ireland
105,PepsicoPEP,186.21,136.32,0.24,USA
106,Charles SchwabSCHW,185.47,107.25,0.07,USA
107,Commonwealth BankCBA.AX,184.73,110.5,0.19,Australia
108,Walt DisneyDIS,183.97,106.55,0.69,USA
109,Foxconn Industrial Internet601138.SS,183.79,9.26,3.04,China
110,Analog DevicesADI,183.54,378.78,4.85,USA
111,AirbusAIR.PA,182.91,231.11,1.85,Netherlands
112,Deere & Company (John Deere)DE,182.19,675.74,0.32,USA
113,ProsusPRX.AS,180.36,41.28,0.91,Netherlands
114,McDonaldMCD,178.7,252.53,0.21,USA
115,AT&TT,178.57,26.06,2.0,USA
116,Gilead SciencesGILD,178.2,143.72,0.75,USA
117,Reliance IndustriesRELIANCE.NS,178.11,13.16,1.3,India
118,Abbott LaboratoriesABT,176.41,101.95,1.36,USA
119,KIOXIA Holdings Corporation285A.T,175.9,330.33,6.0,Japan
120,BlackRockBLK,175.41,1080.0,1.62,USA
121,ABBABBN.SW,174.35,96.26,1.03,Switzerland
122,DBS GroupD05.SI,173.48,61.0,0.45,Singapore
123,Sumitomo Mitsui Financial GroupSMFG,172.81,27.29,2.79,Japan
124,Nextera EnergyNEE,171.69,82.31,0.16,USA
125,HermèsRMS.PA,169.89,1622.0,0.67,France
126,WelltowerWELL,169.78,235.62,0.04,USA
127,Union Pacific CorporationUNP,168.95,284.4,0.48,USA
128,CM Bank3968.HK,168.5,6.68,0.87,China
129,ShopifySHOP,167.12,128.79,1.73,Canada
130,UBSUBS,167.1,54.58,1.06,Switzerland
131,BoeingBA,166.33,210.45,2.76,USA
132,EatonETN,165.21,425.37,3.96,Ireland
133,ConocoPhillipsCOP,165.0,137.35,0.23,USA
134,Southern CopperSCCO,163.37,193.49,0.33,USA
135,Banco Bilbao Vizcaya ArgentariaBBVA,163.06,29.55,2.46,Spain
136,Rio TintoRIO,162.57,99.96,0.57,UK
137,Rolls-Royce HoldingsRR.L,162.03,19.66,1.72,UK
138,Western DigitalWDC,161.22,447.18,2.98,USA
139,China Life Insurance601628.SS,160.47,5.68,0.24,China
140,SafranSAF.PA,158.58,382.71,2.55,France
141,Deutsche TelekomDTE.DE,158.47,33.14,2.55,Germany
142,PfizerPFE,157.99,27.72,0.25,USA
143,UniCreditUCG.MI,157.4,98.71,1.63,Italy
144,IberdrolaIBE.MC,155.92,23.37,0.7,Spain
145,Interactive BrokersIBKR,155.67,91.37,2.18,USA
146,Hitachi6501.T,155.25,34.69,2.58,Japan
147,Anheuser-Busch InbevBUD,154.04,78.23,0.75,Belgium
148,Blackstone GroupBX,153.6,128.51,2.47,USA
149,Zhongji Innolight300308.SZ,153.5,131.23,4.95,China
150,China Shenhua Energy601088.SS,152.93,7.05,0.46,China
151,Tokyo Electron8035.T,151.36,333.2,0.45,Japan
152,CNOOC0883.HK,149.45,3.14,1.15,China
153,Ping An Insurance601318.SS,148.14,8.18,0.07,China
154,Recruit6098.T,147.46,106.18,5.32,Japan
155,UberUBER,146.39,71.67,1.23,USA
156,Advantest6857.T,145.39,201.3,2.43,Japan
157,CorningGLW,143.33,166.4,2.01,USA
158,Siemens EnergyENR.F,141.67,166.5,2.19,Germany
159,DanaherDHR,140.69,200.14,0.19,USA
160,SonySONY,139.62,23.9,1.62,Japan
161,TJX CompaniesTJX,138.61,126.02,0.32,USA
162,Mizuho Financial GroupMFG,138.57,11.45,3.53,Japan
163,Intesa SanpaoloISP.MI,137.68,7.92,2.55,Italy
164,ServiceNowNOW,137.01,132.53,1.04,USA
165,PetrobrasPBR,136.62,21.2,0.84,Brazil
166,NewmontNEM,133.61,126.81,0.53,USA
167,UnileverUL,133.54,62.02,0.63,UK
168,Fast Retailing9983.T,133.47,434.98,0.6,Japan
169,Delta Electronics2308.TW,132.86,51.15,0.0,Taiwan
170,Intuitive SurgicalISRG,132.25,369.15,2.41,USA
171,PrologisPLD,131.96,135.75,1.0,USA
172,BNP ParibasBNP.PA,131.8,120.26,1.09,France
173,Booking Holdings (Booking.com)BKNG,130.68,173.92,0.01,USA
174,Vertex PharmaceuticalsVRTX,130.64,515.44,0.17,USA
175,ChubbCB,130.49,338.25,0.18,Switzerland
176,Bristol-Myers SquibbBMY,129.99,63.64,0.17,USA
177,Zijin Mining601899.SS,128.25,4.82,0.28,China
178,Capital OneCOF,127.78,208.3,0.57,USA
179,Investor ABINVE-B.ST,126.91,41.43,0.05,Sweden
180,ProgressivePGR,126.45,217.62,0.66,USA
181,Compagnie Financière RichemontCFR.SW,125.91,214.16,1.21,Switzerland
182,Air LiquideAI.PA,123.16,193.0,0.16,France
183,Bank of MontrealBMO,121.55,174.88,0.69,Canada
184,S&P GlobalSPGI,121.07,410.71,0.07,USA
185,CVS HealthCVS,121.06,94.66,0.66,USA
186,Lockheed MartinLMT,120.97,524.19,1.12,USA
187,Mitsubishi Corporation8058.T,120.07,32.79,0.74,Japan
188,Keyence6861.T,119.92,494.49,0.04,Japan
189,HDFC BankHDB,119.92,23.34,6.87,India
190,Parker-HannifinPH,119.77,950.23,1.7,USA
191,Bharti AirtelBHARTIARTL.NS,119.56,19.17,0.43,India
192,British American TobaccoBTI,118.95,55.24,0.69,UK
193,BPBP,118.72,46.1,0.04,UK
194,BYD002594.SZ,116.59,12.79,2.11,China
195,MedtronicMDT,116.35,90.96,0.72,Ireland
196,SnowflakeSNOW,116.06,328.99,0.22,USA
197,Altria GroupMO,115.17,68.98,0.28,USA
198,FortinetFTNT,114.51,156.07,1.75,USA
199,ScotiabankBNS,113.89,93.45,0.66,Canada
200,OCBC BankO39.SI,112.8,25.09,0.7,Singapore
201,StarbucksSBUX,112.56,98.74,0.48,USA
202,AccentureACN,112.53,183.9,3.37,Ireland
203,Valero EnergyVLO,112.41,390.42,1.29,USA
204,Marathon PetroleumMPC,111.18,395.93,0.89,USA
205,PDD Holdings (Pinduoduo)PDD,110.75,77.81,0.04,China
206,Lowe's CompaniesLOW,110.42,196.82,0.12,USA
207,BNY Mellon (Bank of New York Mellon)BNY,110.36,162.66,0.04,USA
208,Foxconn (Hon Hai Precision Industry)2317.TW,109.93,7.85,0.2,Taiwan
209,CloudflareNET,109.14,306.53,1.49,USA
210,AppLovinAPP,108.83,323.96,3.01,USA
211,SpotifySPOT,108.08,525.75,0.77,Sweden
212,Zurich Insurance GroupZURN.SW,107.51,719.81,0.51,Switzerland
213,CaixaBankCABK.MC,107.44,15.47,0.87,Spain
214,Itōchū Shōji8001.T,107.26,15.35,2.86,Japan
215,Automatic Data ProcessingADP,106.56,268.26,0.99,USA
216,EquinorEQNR,106.26,44.8,0.69,Norway
217,INGING,106.23,37.27,1.64,Netherlands
218,Stryker CorporationSYK,105.69,275.56,2.06,USA
219,ICICI BankIBN,105.47,29.39,1.87,India
220,AXACS.PA,104.66,50.06,0.51,France
221,EnbridgeENB,104.31,47.76,0.95,Canada
222,Al Rajhi Bank1120.SR,104.2,17.37,1.21,S. Arabia
223,CIBC (Canadian Imperial Bank of Commerce)CM,104.08,114.64,0.15,Canada
224,Phillips 66PSX,104.03,259.47,0.37,USA
225,China Yangtze Power600900.SS,103.97,4.25,0.18,China
226,Canadian Natural ResourcesCNQ,103.21,50.07,0.55,Canada
227,EnelENEL.MI,102.98,10.38,0.27,Italy
228,McKessonMCK,102.77,881.51,0.07,USA
229,ASE GroupASX,102.76,39.47,0.98,Taiwan
230,SanofiSNY,102.48,42.77,0.12,France
231,EquinixEQIX,102.39,1038.0,1.36,USA
232,Freeport-McMoRanFCX,102.05,71.07,0.2,USA
233,AirbnbABNB,101.9,170.19,1.52,USA
234,Tokio Marine8766.T,101.78,53.58,3.36,Japan
235,Agnico Eagle MinesAEM,101.45,200.36,1.87,Canada
236,RobinhoodHOOD,101.2,112.57,0.67,USA
237,Constellation EnergyCEG,100.88,284.75,0.43,USA
238,Southern CompanySO,100.27,87.17,0.66,USA
239,AdobeADBE,100.26,252.23,1.37,USA
240,Grupo MéxicoGMBXF,100.16,12.8,1.54,Mexico
241,Bank of Communications601328.SS,99.73,1.13,1.2,China
242,SK Square402340.KS,99.37,753.97,6.89,S. Korea
243,CME GroupCME,99.07,275.54,0.54,USA
244,Midea000333.SZ,98.99,12.98,0.89,China
245,Vertiv HoldingsVRT,98.96,257.06,3.6,USA
246,AIA1299.HK,98.59,9.57,0.0,Hong Kong
247,Cambricon Technologies688256.SS,98.16,156.1,0.67,China
248,U.S. BancorpUSB,97.9,62.84,0.69,USA
249,Quanta ServicesPWR,97.81,650.58,5.15,USA
250,Postal Savings Bank of China601658.SS,97.58,0.81,0.18,China
251,Sinopec600028.SS,97.55,0.81,1.81,China
252,PNC Financial ServicesPNC,97.43,244.24,0.52,USA
253,Trane TechnologiesTT,97.36,442.52,0.61,Ireland
254,Delta Electronics (Thailand)DELTA.BK,96.5,7.74,3.03,Thailand
255,GSK plcGSK,96.39,48.13,0.02,UK
256,General DynamicsGD,96.29,355.9,0.47,USA
257,State Bank of IndiaSBIN.NS,96.19,10.42,1.39,India
258,MercadoLibreMELI,96.19,1897.0,0.47,Argentina
259,Mitsui Bussan8031.T,95.8,33.71,2.43,Japan
260,GlencoreGLCNF,95.75,8.16,0.62,Switzerland
261,KKR & Co.KKR,93.35,101.08,0.21,USA
262,NTT (Nippon Telegraph & Telephone)9432.T,93.17,1.15,0.63,Japan
263,Duke EnergyDUK,93.11,119.42,0.04,USA
264,HCA HealthcareHCA,92.43,426.94,1.36,USA
265,Itaú UnibancoITUB,91.81,8.33,0.36,Brazil
266,Howmet AerospaceHWM,91.56,229.61,0.75,USA
267,Elevance HealthELV,90.8,418.72,0.52,USA
268,CSX CorporationCSX,90.67,48.95,0.18,USA
269,BarclaysBCS,89.5,26.7,1.87,UK
270,ComcastCMCSA,89.42,25.2,0.12,USA
271,Williams CompaniesWMB,89.1,72.85,0.77,USA
272,Johnson ControlsJCI,88.44,146.01,2.24,Ireland
273,Intercontinental ExchangeICE,88.36,157.4,1.02,USA
274,InfineonIFX.DE,88.19,67.87,4.95,Germany
275,Atlas CopcoATCO-B.ST,87.93,18.02,0.34,Sweden
276,DoorDashDASH,87.5,201.95,0.46,USA
277,Marriott InternationalMAR,87.27,334.69,1.71,USA
278,Lloyds Banking GroupLYG,86.8,6.01,2.04,UK
279,XiaomiXIACF,86.44,3.36,2.04,China
280,IntuitINTU,85.93,321.57,2.81,USA
281,Waste ManagementWM,85.32,213.46,0.17,USA
282,Brookfield CorporationBN,85.32,38.22,0.45,Canada
283,United Parcel ServiceUPS,85.31,100.28,0.31,USA
284,3MMMM,85.07,164.97,1.3,USA
285,Monster BeverageMNST,85.02,43.4,0.72,USA
286,EmersonEMR,84.89,152.19,2.57,USA
287,National Australia BankNAB.AX,84.48,27.6,0.35,Australia
288,Marsh & McLennan CompaniesMRSH,84.42,176.91,0.21,USA
289,Eoptolink Technology300502.SZ,84.35,60.5,4.08,China
290,Enterprise ProductsEPD,84.0,38.9,1.09,USA
291,Westpac BankingWBC.AX,83.99,24.6,0.5,Australia
292,Murata Manufacturing (Murata Seisakusho)6981.T,83.95,46.31,3.14,Japan
293,Tata Consultancy ServicesTCS.NS,83.34,23.04,0.15,India
294,SLB (Schlumberger)SLB,83.2,56.06,0.09,USA
295,LumentumLITE,83.15,927.03,0.93,USA
296,American TowerAMT,82.87,177.85,2.82,USA
297,Hewlett Packard EnterpriseHPE,82.42,62.09,12.44,USA
298,Moody'sMCO,82.25,474.95,1.62,USA
299,Mitsubishi Heavy Industries7011.T,81.91,24.38,1.16,Japan
300,TAQATAQA.AE,81.43,0.72,0.37,UAE
301,Suncor EnergySU,81.27,68.83,0.15,Canada
302,Bloom EnergyBE,81.21,275.75,6.68,USA
303,CintasCTAS,80.63,201.5,1.54,USA
304,ANZ BankANZ.AX,80.57,26.76,0.39,Australia
305,ENIE,80.57,56.05,0.66,Italy
306,Regeneron PharmaceuticalsREGN,80.45,781.49,1.48,USA
307,Mondelez InternationalMDLZ,79.69,62.44,0.05,USA
308,Cadence Design SystemsCDNS,79.69,289.37,1.55,USA
309,DatadogDDOG,79.43,221.21,0.23,USA
310,DiorCDI.PA,79.12,438.57,1.67,France
311,GeneraliG.MI,78.83,52.25,0.81,Italy
312,Sherwin-WilliamsSHW,78.48,323.31,1.85,USA
313,CPKC (Canadian Pacific Kansas City)CP,78.44,89.23,0.44,Canada
314,The Travelers CompaniesTRV,78.25,375.2,2.08,USA
315,EssilorLuxotticaEL.PA,77.83,169.68,0.38,France
316,Simon Property GroupSPG,77.75,204.83,0.08,USA
317,Japan Tobacco2914.T,77.75,43.8,0.61,Japan
318,SoftBank Corp.9434.T,77.62,1.62,1.05,Japan
319,General MotorsGM,77.43,85.62,0.58,USA
320,EcolabECL,77.42,276.18,1.69,USA
321,EOG ResourcesEOG,77.29,147.36,0.07,USA
322,National GridNGG,77.27,76.86,0.63,UK
323,Motorola SolutionsMSI,77.14,466.16,0.49,USA
324,CarvanaCVNA,76.66,69.16,1.59,USA
325,Japan Post Bank7182.T,76.65,21.52,0.58,Japan
326,CumminsCMI,76.64,556.75,1.22,USA
327,Illinois Tool WorksITW,76.37,268.16,1.12,USA
328,WuXi AppTec2359.HK,76.21,25.18,4.61,China
329,Apollo Global ManagementAPO,76.16,128.98,0.84,USA
330,SynopsysSNPS,76.15,397.38,0.05,USA
331,Deutsche BankDB,76.06,40.48,0.32,Germany
332,Brookfield Asset ManagementBAM,75.48,47.26,0.04,Canada
333,BAE SystemsBA.L,75.12,25.66,1.33,UK
334,NatWest GroupNWG,74.96,18.89,2.55,UK
335,CITIC Bank601998.SS,74.25,1.33,0.34,China
336,Energy Transfer LPET,74.2,21.55,0.83,USA
337,The Cigna GroupCI,74.18,280.76,0.05,USA
338,NetEaseNTES,74.01,115.61,0.02,China
339,Ross StoresROST,74.01,230.74,2.33,USA
340,Canadian National RailwayCNI,73.94,122.25,0.9,Canada
341,FedExFDX,73.83,311.99,0.06,USA
342,Northrop GrummanNOC,73.72,518.97,0.0,USA
343,KDDI9433.T,73.43,19.87,0.79,Japan
344,Munich RE (Münchener Rück)MUV2.DE,73.4,583.45,1.08,Germany
345,SberbankSBER.ME,72.85,3.36,0.02,Russia
346,FerrariRACE,72.68,413.78,1.26,Italy
347,Manulife FinancialMFC,72.16,43.49,0.02,Canada
348,Hyundai005380.KS,72.13,275.49,3.14,S. Korea
349,Norfolk SouthernNSC,71.93,320.27,0.94,USA
350,Barrick GoldB,71.89,43.68,0.51,Canada
351,Bank of China (Hong Kong)2388.HK,71.65,6.78,1.63,Hong Kong
352,VinciDG.PA,71.42,129.17,0.81,France
353,Volvo GroupVOLV-A.ST,71.31,35.07,0.53,Sweden
354,Digital RealtyDLR,71.21,188.58,1.73,USA
355,TargetTGT,70.79,155.83,0.06,USA
356,DHL Group (Deutsche Post)DHL.DE,70.78,63.77,0.15,Germany
357,Nu HoldingsNU,70.62,14.62,2.66,Brazil
358,ENGIEENGI.PA,70.61,27.79,1.32,France
359,Warner Bros. DiscoveryWBD,70.3,28.04,0.57,USA
360,Nordea BankNDA-FI.HE,70.09,20.65,0.73,Finland
361,Wheaton Precious MetalsWPM,69.99,154.12,2.08,Canada
362,Royal Caribbean GroupRCL,69.57,260.14,0.44,USA
363,O'Reilly AutomotiveORLY,69.42,85.82,0.36,USA
364,Colgate-PalmoliveCL,69.19,86.8,1.25,USA
365,Vingroup CompanyVIC.VN,69.11,9.22,1.81,Vietnam
366,Hilton WorldwideHLT,68.91,306.19,0.02,USA
367,Kinder MorganKMI,68.71,30.86,0.29,USA
368,ADNOC GasADNOCGAS.AE,68.54,0.89,0.0,UAE
369,Chugai Pharmaceutical4519.T,68.47,41.61,0.37,Japan
370,America MovilAMX,68.29,22.83,0.04,Mexico
371,NAURA Technology Group002371.SZ,68.23,94.03,0.52,China
372,Republic ServicesRSG,68.2,222.74,0.75,USA
373,Mitsubishi Electric6503.T,68.13,33.29,1.83,Japan
374,Standard CharteredSTAN.L,67.7,31.06,1.23,UK
375,Shin-Etsu Chemical4063.T,67.53,37.21,0.3,Japan
376,Bajaj FinanceBAJFINANCE.NS,67.35,10.83,0.86,India
377,SMIC0981.HK,67.3,7.86,2.38,China
378,American Electric PowerAEP,67.14,123.33,0.11,USA
379,Macquarie Group LimitedMQG.AX,66.87,175.47,0.03,Australia
380,Merck KGaAMRK.DE,66.23,152.35,0.15,Germany
381,Ma'aden1211.SR,66.07,17.02,3.18,S. Arabia
382,Fubon Financial2881.TW,66.01,4.83,3.03,Taiwan
383,Crédit AgricoleACA.PA,65.58,21.59,0.46,France
384,The Saudi National Bank1180.SR,65.16,10.98,0.91,S. Arabia
385,Sea LimitedSE,65.07,106.24,1.35,Singapore
386,Air Products and ChemicalsAPD,64.89,291.43,0.76,USA
387,ValeVALE,64.81,15.23,0.33,Brazil
388,Imperial OilIMO,64.63,129.99,0.63,Canada
389,PaccarPCAR,64.6,122.73,0.13,USA
390,AonAON,64.2,302.69,1.65,UK
391,AllstateALL,64.15,253.71,0.76,USA
392,HoneywellHON,64.13,202.36,0.09,USA
393,Hong Kong Exchanges & Clearing0388.HK,63.95,50.6,1.07,Hong Kong
394,Panasonic6752.T,63.55,27.22,0.36,Japan
395,TC EnergyTRP,63.42,60.88,1.66,Canada
396,Société GénéraleGLE.PA,63.26,86.6,1.14,France
397,TransDigm GroupTDG,63.03,1140.0,1.19,USA
398,Nintendo7974.T,62.52,53.53,1.69,Japan
399,NokiaNOK,62.31,11.13,4.8,Finland
400,Boston ScientificBSX,62.28,42.98,0.28,USA
401,Targa ResourcesTRGP,62.23,290.25,0.57,USA
402,CITIC Securities600030.SS,62.15,3.98,0.89,China
403,MetLifeMET,61.73,97.14,0.37,USA
404,Arthur J. Gallagher & Co.AJG,61.6,240.32,1.23,USA
405,Truist Financial CorporationTFC,61.56,50.4,0.14,USA
406,United RentalsURI,61.56,989.12,0.0,USA
407,Occidental PetroleumOXY,61.43,61.46,0.49,USA
408,LG Energy Solution373220.KS,61.41,262.48,1.94,S. Korea
409,TE ConnectivityTEL,61.36,211.96,3.58,Switzerland
410,CencoraCOR,61.36,321.57,0.19,USA
411,Luxshare Precision002475.SZ,61.28,7.92,4.1,China
412,ArgenxARGX,61.21,984.39,0.04,Netherlands
413,Cenovus EnergyCVE,61.06,33.11,0.69,Canada
414,Nebius GroupNBIS,61.04,224.55,1.56,Netherlands
415,OneokOKE,60.9,96.62,0.94,USA
416,MPLXMPLX,60.66,59.84,0.35,USA
417,Monolithic Power SystemsMPWR,60.66,1234.0,4.08,USA
418,W. W. GraingerGWW,60.28,1280.0,0.67,USA
419,KBCKBCSF,60.2,150.9,0.0,Belgium
420,Great-West LifecoGWO.TO,59.81,66.82,1.65,Canada
421,Coherent Corp.COHR,59.8,305.37,4.16,USA
422,NXP SemiconductorsNXPI,59.66,236.62,4.48,Netherlands
423,Comfort Systems USAFIX,59.5,1691.0,6.29,USA
424,TeradyneTER,59.36,379.72,2.57,USA
425,WesfarmersWES.AX,59.11,52.07,0.03,Australia
426,Nan Ya Plastics1303.TW,58.97,7.44,0.43,Taiwan
427,National Bank of CanadaNA.TO,58.91,152.97,0.69,Canada
428,Cement Roadstone HoldingCRH,58.91,88.55,1.02,Ireland
429,NucorNUE,58.85,259.43,1.55,USA
430,RELXRELX,58.83,33.8,0.06,UK
431,CSLCSL.AX,58.79,122.52,2.51,Australia
432,Baker HughesBKR,58.62,59.06,0.57,USA
433,First Abu Dhabi BankFAB.AE,58.59,5.3,1.52,UAE
434,Takeda PharmaceuticalTAK,58.31,18.26,0.83,Japan
435,Saudi Telecom Company7010.SR,58.21,11.67,0.14,S. Arabia
436,AflacAFL,57.79,115.28,0.71,USA
437,Anglo AmericanAAL.L,57.78,53.93,0.45,UK
438,Deutsche BörseDB1.DE,57.73,320.24,1.22,Germany
439,KeysightKEYS,57.65,338.64,3.99,USA
440,Cheniere EnergyLNG,57.48,278.34,0.18,USA
441,ModernaMRNA,57.47,143.97,5.38,USA
442,Diamondback EnergyFANG,57.39,204.97,0.2,USA
443,SingtelZ74.SI,57.09,3.5,1.33,Singapore
444,Nongfu Spring9633.HK,57.01,5.07,0.66,China
445,Industrial Bank601166.SS,57.01,2.69,0.33,China
446,United MicroelectronicsUMC,56.77,22.64,2.35,Taiwan
447,Dominion EnergyD,56.6,64.36,1.06,USA
448,Larsen & ToubroLT.NS,56.6,41.14,0.61,India
449,FastenalFAST,56.59,49.32,0.63,USA
450,Realty IncomeO,56.29,59.5,0.12,USA
451,Sumitomo8053.T,56.09,11.87,0.14,Japan
452,ArcelorMittalMT,56.06,74.51,0.73,Luxembourg
453,CortevaCTVA,55.97,83.9,0.7,USA
454,FordF,55.7,13.97,0.65,USA
455,AmetekAME,55.45,241.87,3.26,USA
456,Public StoragePSA,55.4,296.5,0.64,USA
457,Zijin Gold International Company Limited2259.HK,55.31,20.67,1.25,Hong Kong
458,Devon EnergyDVN,55.25,50.23,0.42,USA
459,BayerBAYN.DE,54.84,55.83,1.09,Germany
460,Erste Group BankEBO.F,54.79,141.05,0.49,Austria
461,UOBU11.SI,54.72,33.15,1.87,Singapore
462,NikeNKE,54.59,36.8,0.49,USA
463,Cardinal HealthCAH,54.55,234.57,0.61,USA
464,GarminGRMN,54.51,282.67,4.25,Switzerland
465,SempraSRE,54.49,83.34,0.79,USA
466,Marubeni8002.T,54.43,33.5,2.02,Japan
467,Emirates NBD Bank PJSCEMIRATESNBD.AE,54.28,8.59,4.23,UAE
468,RWERWE.DE,54.09,69.36,0.56,Germany
469,ThalesHO.PA,54.07,262.86,0.76,France
470,China Telecom0728.HK,53.84,0.59,2.1,China
471,Shengyi Technology (SYTECH)600183.SS,53.84,22.17,0.17,China
472,London Stock ExchangeLSEG.L,53.8,111.35,3.22,UK
473,CommerzbankCBK.F,53.79,49.77,2.73,Germany
474,RheinmetallRHM.F,53.67,1150.0,2.27,Germany
475,BTG PactualBPAC3.SA,53.54,4.62,0.46,Brazil
476,E.ONEOAN.DE,53.4,20.44,0.37,Germany
477,Alimentation Couche-TardATD.TO,53.29,58.06,0.9,Canada
478,Meituan3690.HK,53.16,9.51,0.73,China
479,State Street CorporationSTT,53.12,193.4,1.1,USA
480,AngloGold AshantiAU,52.81,104.42,0.52,South Africa
481,Delta Air LinesDAL,52.55,79.91,2.13,USA
482,Compass GroupCPG.L,52.45,30.85,0.36,UK
483,Cathay Financial Holding2882.TW,52.33,3.57,2.26,Taiwan
484,Fujikura5803.T,52.06,31.45,2.95,Japan
485,"Strategy 
 (MicroStrategy)MSTR",52.03,130.97,1.87,USA
486,Mercedes-BenzMBG.DE,51.79,54.1,0.37,Germany
487,Lenovo0992.HK,51.78,4.17,4.6,Hong Kong
488,BASFBAS.DE,51.71,60.07,2.83,Germany
489,Emirates Telecom (Etisalat Group)EAND.AE,51.62,5.94,0.46,UAE
490,The People's Insurance Company (PICC)601319.SS,51.49,1.16,0.26,China
491,Franco-NevadaFNV,51.3,266.0,2.05,Canada
492,Loblaw CompaniesL.TO,51.07,44.2,0.29,Canada
493,NasdaqNDAQ,50.97,91.19,0.89,USA
494,Vivmark ResidentialVMRK,50.71,65.54,0.8,USA
495,Astera LabsALAB,50.52,291.22,2.35,USA
496,AntofagastaANTO.L,50.5,51.23,0.5,UK
497,EntergyETR,50.32,105.33,0.38,USA
498,Honeywell AerospaceHONA,50.16,158.26,2.93,USA
499,ORLENPKN.WA,50.12,43.18,0.98,Poland
500,MaerskMAERSK-B.CO,49.88,3461.0,2.28,Denmark
501,Unimicron3037.TW,49.82,30.37,1.54,Taiwan
502,VistraVST,49.8,148.38,0.9,USA
503,SandvikSAND.ST,49.72,39.64,0.31,Sweden
504,Fifth Third BankFITB,49.62,54.72,0.53,USA
505,EndesaELE.MC,49.61,48.79,0.12,Spain
506,Siemens HealthineersSHL.DE,49.59,44.31,0.49,Germany
507,CienaCIEN,49.56,349.54,4.48,USA
508,Samsung Biologics207940.KS,49.46,1068.0,1.55,S. Korea
509,Swiss ReSREN.SW,49.39,167.47,1.18,Switzerland
510,CITIC limited0267.HK,49.26,1.69,1.53,China
511,Ameriprise FinancialAMP,49.25,557.61,0.74,USA
512,HumanaHUM,49.2,409.8,2.26,USA
513,CoreWeaveCRWV,49.08,88.99,0.15,USA
514,Hoya7741.T,48.74,145.72,1.26,Japan
515,Edwards LifesciencesEW,48.63,84.37,2.77,USA
516,DNBDNB.OL,48.52,34.05,0.38,Norway
517,Becton DickinsonBDX,48.44,177.85,0.81,USA
518,MS&AD Insurance8725.T,48.17,33.74,1.89,Japan
519,DiageoDEO,48.15,86.63,0.37,UK
520,PICC Property and Casualty Company Limited2328.HK,47.98,2.16,0.7,China
521,eBayEBAY,47.94,107.75,2.59,USA
522,DSVDSV.VI,47.89,200.57,3.11,Denmark
523,OrangeORA.PA,47.88,18.02,0.19,France
524,WabtecWAB,47.83,283.22,1.05,USA
525,Holcim GroupHOLN.SW,47.67,86.2,0.14,Switzerland
526,Rockwell AutomationROK,47.66,428.39,1.67,USA
527,BlockXYZ,47.58,79.21,0.18,USA
528,NateraNTRA,47.41,328.93,0.86,USA
529,Hindustan UnileverHINDUNILVR.NS,47.39,20.17,0.79,India
530,Danske BankDANS.VI,47.37,58.74,1.46,Denmark
531,Carrier GlobalCARR,47.36,57.46,1.45,USA
532,PorscheP911.DE,47.34,51.97,0.07,Germany
533,China Pacific Insurance601601.SS,47.26,4.91,0.06,China
534,Swire Pacific0019.HK,47.23,13.02,1.73,Hong Kong
535,VolkswagenVOW3.DE,47.16,94.09,0.0,Germany
536,Xcel EnergyXEL,47.15,75.5,0.12,USA
537,ASM InternationalASM.AS,47.0,962.22,1.17,Netherlands
538,AutoZoneAZO,46.96,2877.0,0.16,USA
539,AMEC688012.SS,46.73,48.79,1.91,China
540,Kuwait Finance HouseKFH.KW,46.7,2524.0,0.51,Kuwait
541,AmbevABEV,46.55,3.02,0.66,Brazil
542,Titan CompanyTITAN.NS,46.52,52.43,0.23,India
543,Nanya Technology2408.TW,46.52,15.01,3.55,Taiwan
544,KB Financial GroupKB,46.34,132.01,4.31,S. Korea
545,Shanghai Pudong Development Bank600000.SS,46.33,1.39,0.76,China
546,JBS N.V.JBS,46.24,14.06,1.3,Brazil
547,CoinbaseCOIN,46.24,175.26,1.73,USA
548,Sun PharmaceuticalSUNPHARMA.NS,46.2,19.26,1.13,India
549,UCBUCB.VI,46.18,242.24,4.03,Belgium
550,VentasVTR,46.16,89.99,0.5,USA
551,WalmexWMMVF,45.97,2.67,0.74,Mexico
552,PayPalPYPL,45.95,53.72,0.77,USA
553,STMicroelectronicsSTM,45.94,51.51,1.52,Switzerland
554,Toyota Tsusho8015.T,45.91,48.96,0.33,Japan
555,DanoneBN.PA,45.82,71.14,0.62,France
556,Chipotle Mexican GrillCMG,45.8,36.2,0.19,USA
557,L3Harris TechnologiesLHX,45.72,245.54,1.14,USA
558,Skandinaviska Enskilda BankenSEB-A.ST,45.63,23.46,0.62,Sweden
559,Cerebras SystemsCBRS,45.59,191.93,0.31,USA
560,Adani EnterprisesADANIENT.NS,45.57,32.03,0.56,India
561,Hikvision002415.SZ,45.54,4.97,0.24,China
562,AtlassianTEAM,45.48,179.7,0.07,Australia
563,RosneftROSN.ME,45.41,4.15,0.1,Russia
564,LonzaLONN.SW,45.4,650.06,0.71,Switzerland
565,Guotai Junan Securities601211.SS,45.37,2.58,0.06,China
566,Coca-Cola European PartnersCCEP,45.3,102.77,0.11,UK
567,HeinekenHEIA.AS,45.16,81.46,1.07,Netherlands
568,Banco Santander BrasilBSBR,45.07,6.02,2.38,Brazil
569,Woodside EnergyWDS,45.03,23.69,0.84,Australia
570,InfosysINFY,44.83,11.07,1.47,India
571,SwedbankSWED-A.ST,44.78,39.86,0.73,Sweden
572,WorkdayWDAY,44.75,185.7,0.33,USA
573,Japan Post Holdings6178.T,44.62,16.32,1.62,Japan
574,Dai-ichi Life Holdings8750.T,44.6,12.38,1.12,Japan
575,China State Shipbuilding Corporation (CSSC)600150.SS,44.46,5.91,0.3,China
576,Exelon CorporationEXC,44.46,43.16,0.53,USA
577,AutodeskADSK,44.39,212.4,0.37,USA
578,Sun Life FinancialSLF,44.29,79.67,0.14,Canada
579,Galderma GroupGALD.SW,44.21,189.62,0.81,Switzerland
580,HEICOHEI,44.16,316.0,1.12,USA
581,Fujitsu6702.T,44.13,25.52,4.67,Japan
582,Bank Central AsiaBBCA.JK,44.13,0.36,0.0,Indonesia
583,LukoilLKOH.ME,43.85,62.35,0.12,Russia
584,MedlineMDLN,43.76,32.53,0.43,USA
585,BMWBMW.DE,43.7,73.02,0.48,Germany
586,CelesticaCLS,43.7,346.55,6.56,Canada
587,Revolution MedicinesRVMD,43.67,203.77,0.21,USA
588,Ares ManagementARES,43.67,131.64,0.77,USA
589,Kotak Mahindra BankKOTAKBANK.NS,43.62,4.39,0.59,India
590,Samsung C&T Corporation028260.KS,43.61,266.57,2.32,S. Korea
591,Hanwha Aerospace012450.KS,43.26,840.97,4.62,S. Korea
592,Constellation SoftwareCSU.TO,43.22,2040.0,2.49,Canada
593,Teva Pharmaceutical IndustriesTEVA,43.22,37.09,2.04,Israel
594,Prysmian GroupPRY.MI,43.1,147.48,2.95,Italy
595,LegrandLR.PA,43.09,164.41,1.68,France
596,IQVIAIQV,43.08,261.77,1.74,USA
597,Ferguson EnterprisesFERG,43.05,222.54,0.71,UK
598,Quanta Computer2382.TW,43.03,10.5,1.19,Taiwan
599,East Money Information300059.SZ,43.02,2.72,0.38,China
600,CMOC3993.HK,42.88,2.0,1.75,China
601,Reckitt BenckiserRKT.L,42.87,67.58,1.15,UK
602,AenaAENA.MC,42.87,28.58,0.57,Spain
603,FlexFLEX,42.76,115.78,7.19,Singapore
604,Power Corporation of CanadaPOW.TO,42.72,68.06,1.47,Canada
605,Keurig Dr PepperKDP,42.71,31.39,0.22,USA
606,CTBC Financial Holding2891.TW,42.61,2.13,0.75,Taiwan
607,Jiangsu Hengrui Medicine600276.SS,42.58,6.42,0.84,China
608,Adani Ports & SEZADANIPORTS.NS,42.55,18.47,0.19,India
609,Veeva SystemsVEEV,42.48,262.4,0.54,USA
610,Adani PowerADANIPOWER.NS,42.38,2.2,1.65,India
611,QNB (Qatar National Bank)QNBK.QA,42.2,4.64,1.02,Qatar
612,HondaHMC,42.2,32.52,2.85,Japan
613,Banca Monte dei Paschi di SienaBMPS.MI,42.18,13.88,2.46,Italy
614,Thomson ReutersTRI,42.17,97.35,1.71,Canada
615,WEG ONWEGE3.SA,42.13,10.04,1.3,Brazil
616,CamecoCCJ,42.1,96.68,0.76,Canada
617,Suzhou TFC Optical Communication300394.SZ,41.95,38.46,1.53,China
618,Fomento Económico Mexicano (FEMSA)FMX,41.84,116.95,0.53,Mexico
619,Jardine MathesonJ36.SI,41.83,58.02,0.7,Hong Kong
620,Z.AI2513.HK,41.81,93.78,7.25,China
621,Archer Daniels Midland (ADM)ADM,41.79,86.72,0.22,USA
622,Doosan Enerbility034020.KS,41.72,65.28,3.3,S. Korea
623,ORIXIX,41.71,40.11,2.61,Japan
624,Agilent TechnologiesA,41.42,146.93,2.66,USA
625,NEC Corp6701.T,41.36,31.19,5.71,Japan
626,SwisscomSCMN.SW,41.3,797.27,0.54,Switzerland
627,PaychexPAYX,41.22,115.8,0.54,USA
628,Komatsu6301.T,41.21,46.38,0.24,Japan
629,Prudential FinancialPRU,41.13,119.24,0.64,USA
630,ABN AMROABN.AS,41.1,50.44,2.06,Netherlands
631,Sumitomo Denki Kōgyō5802.T,40.98,13.14,2.77,Japan
632,Sun Hung Kai Properties0016.HK,40.82,14.09,2.13,Hong Kong
633,Maruti Suzuki IndiaMARUTI.NS,40.8,129.79,1.51,India
634,CBRE GroupCBRE,40.68,140.51,1.83,USA
635,Axis BankAXISBANK.BO,40.65,13.06,0.99,India
636,Compagnie de Saint-GobainSGO.PA,40.54,82.89,0.28,France
637,Wuliangye Yibin000858.SZ,40.44,10.42,0.19,China
638,HaleonHLN,40.41,9.19,0.33,UK
639,PKO Bank PolskiPKO.WA,40.37,32.3,0.9,Poland
640,MSCIMSCI,40.32,554.61,1.28,USA
641,FerrovialFER.MC,40.3,55.93,0.69,Spain
642,Microchip TechnologyMCHP,40.29,74.2,3.66,USA
643,Take-Two InteractiveTTWO,40.28,215.47,0.69,USA
644,Rocket LabRKLB,40.25,62.95,1.6,USA
645,VodafoneVOD,40.21,17.4,0.4,UK
646,Waste ConnectionsWCN,40.18,159.74,0.19,USA
647,Gold FieldsGFI,40.17,45.1,0.97,South Africa
648,Waters CorporationWAT,40.09,408.34,1.67,USA
649,Sompo Holdings8630.T,40.04,45.16,2.51,Japan
650,Samsung Life Insurance032830.KS,39.92,222.32,2.76,S. Korea
651,SyscoSYY,39.86,83.21,1.09,USA
652,IDEXX LaboratoriesIDXX,39.76,504.7,0.36,USA
653,Wiwynn6669.TW,39.74,71.52,1.95,Taiwan
654,EQTEQT.ST,39.67,31.84,0.64,Sweden
655,Live NationLYV,39.63,170.15,0.04,USA
656,Shinhan Financial GroupSHG,39.58,84.06,3.48,S. Korea
657,SABIC2010.SR,39.55,13.19,0.6,S. Arabia
658,Venture GlobalVG,39.5,15.8,1.94,USA
659,American International GroupAIG,39.38,75.33,0.4,USA
660,Consolidated EdisonED,39.37,106.46,0.25,USA
661,BeOne MedicinesONC,39.19,346.51,1.38,USA
662,TescoTSCO.L,39.18,6.29,0.3,UK
663,NetAppNTAP,39.14,199.28,8.54,USA
664,Mahindra & MahindraM&M.NS,39.04,32.52,0.54,India
665,Poste ItalianePST.MI,39.0,30.2,1.92,Italy
666,Assa AbloyASSA-B.ST,38.99,35.1,0.06,Sweden
667,Axon EnterpriseAXON,38.94,479.34,0.1,USA
668,Goodman GroupGMG.AX,38.91,18.94,1.6,Australia
669,Daimler TruckDTG.F,38.9,51.17,1.12,Germany
670,TelstraTLS.AX,38.64,3.47,0.41,Australia
671,D. R. HortonDHI,38.56,137.89,1.71,USA
672,SSESSE.L,38.51,31.93,0.08,UK
673,Yum! BrandsYUM,38.44,140.87,2.1,USA
674,Roper TechnologiesROP,38.42,388.52,0.02,USA
675,Otsuka Holdings4578.T,38.29,73.01,0.97,Japan
676,NovatekNVTK.ME,38.24,12.21,0.21,Russia
677,Bank LeumiLUMI.TA,38.17,25.98,0.0,Israel
678,Chaozhou Three-Circle300408.SZ,38.13,19.1,3.0,China
679,Dubai Electricity and Water Authority (DEWA)DEWA.AE,38.12,0.76,0.36,UAE
680,Banco BradescoBBD,38.05,3.6,0.56,Brazil
681,GigaDevice Semiconductor603986.SS,38.04,54.04,2.39,China
682,Viking HoldingsVIK,37.96,85.01,1.19,Bermuda
683,OTP BankOTP.BD,37.9,149.66,2.35,
684,ACWA POWER Company2082.SR,37.77,49.31,3.04,S. Arabia
685,HD Hyundai Heavy Industries329180.KS,37.68,359.14,0.84,S. Korea
686,Renesas Electronics6723.T,37.65,20.6,0.75,Japan
687,Daikin6367.T,37.65,135.28,0.1,Japan
688,NutrienNTR,37.43,78.45,0.37,Canada
689,Old Dominion Freight LineODFL,37.39,179.79,0.42,USA
690,Rocket CompaniesRKT,37.32,13.18,0.08,USA
691,AselsanASELS.IS,36.94,8.1,1.19,Turkey
692,The HartfordHIG,36.93,136.36,0.32,USA
693,Resona Holdings8308.T,36.88,16.52,0.69,Japan
694,FortescueFMG.AX,36.62,11.89,0.24,Australia
695,3i GroupIII.L,36.59,35.83,0.72,UK
696,COSCO Shipping601919.SS,36.56,2.4,0.56,China
697,JD.comJD,36.54,27.06,0.15,China
698,Muyuan Foods002714.SZ,36.52,6.33,0.59,China
699,EcopetrolEC,36.49,17.75,1.77,Colombia
700,Disco Corp.6146.T,36.44,335.99,0.62,Japan
701,SikaSIKA.SW,36.32,226.39,0.16,Switzerland
702,TalanxTLX.DE,36.27,140.47,0.58,Germany
703,Martin Marietta MaterialsMLM,36.21,509.96,1.49,USA
704,PSEGPEG,36.08,72.39,0.12,USA
705,TKO Group HoldingsTKO,36.01,190.31,0.35,USA
706,Kia000270.KS,35.92,92.42,1.82,S. Korea
707,RepsolREP.MC,35.82,33.52,0.03,Spain
708,ČEZ GroupCEZ.PR,35.78,66.67,0.0,Czech Republic
709,GivaudanGIVN.SW,35.74,3872.0,0.16,Switzerland
710,HochtiefHOT.F,35.73,474.96,0.15,Germany
711,PTT PCLPTT-R.BK,35.73,1.26,0.59,Thailand
712,United Airlines HoldingsUAL,35.64,109.82,3.13,USA
713,Sandoz GroupSDZ.SW,35.33,81.67,1.03,Switzerland
714,Yageo2327.TW,35.29,17.14,0.18,Taiwan
715,Restaurant Brands InternationalQSR,35.25,76.96,0.61,Canada
716,Estee LauderEL,35.13,97.12,0.67,USA
717,Abu Dhabi Commercial Bank (ADCB)ADCB.AE,35.03,4.43,1.37,UAE
718,Bank of Ningbo002142.SZ,35.0,5.3,0.14,China
719,Hannover RückHNR1.DE,34.99,290.22,0.56,Germany
720,BPER BancaBPE.MI,34.99,16.64,1.18,Italy
721,TwilioTWLO,34.91,227.35,1.64,USA
722,KrogerKR,34.86,58.49,2.7,USA
723,The Hershey CompanyHSY,34.82,173.32,0.59,USA
724,Fanuc6954.T,34.81,37.47,0.45,Japan
725,Chunghwa TelecomCHT,34.79,44.85,0.72,Taiwan
726,TDK6762.T,34.74,18.31,0.21,Japan
727,M&T BankMTB,34.63,239.83,0.34,USA
728,Northern TrustNTRS,34.61,189.19,1.07,USA
729,Kinross GoldKGC,34.55,29.13,0.69,Canada
730,Ibiden4062.T,34.47,122.63,3.6,Japan
731,Bank of Jiangsu600919.SS,34.44,1.88,0.16,China
732,EmcorEME,34.43,780.66,4.32,USA
733,Steel DynamicsSTLD,34.36,239.79,1.14,USA
734,Hindustan AeronauticsHAL.NS,34.33,51.34,0.91,India
735,Bank HapoalimPOLI.TA,34.32,26.29,0.0,Israel
736,WEC Energy GroupWEC,34.32,105.33,0.02,USA
737,Wanhua Chemical600309.SS,34.3,10.96,1.36,China
738,Taishin Financial Holdings2887.TW,34.29,1.37,1.41,Taiwan
739,Iron MountainIRM,34.28,115.18,2.02,USA
740,HCL TechnologiesHCLTECH.NS,34.15,12.62,0.07,India
741,KenvueKVUE,34.15,17.78,0.06,USA
742,UbiquitiUI,34.14,564.15,5.09,USA
743,Ping An Bank000001.SZ,34.14,1.76,0.51,China
744,Elbit SystemsESLT,34.11,728.0,0.56,Israel
745,ITCITC.NS,34.07,2.72,0.21,India
746,Huntington BancsharesHBAN,34.06,16.86,0.78,USA
747,Weichai Power2338.HK,34.04,3.94,1.4,China
748,AdyenADYEN.AS,33.97,1076.0,1.06,Netherlands
749,Woolworths GroupWOW.AX,33.93,27.78,0.88,Australia
750,HenkelHEN3.DE,33.92,83.8,1.87,Germany
751,KeringKER.PA,33.9,276.54,1.9,France
752,UltraTech CementULTRACEMCO.NS,33.86,115.14,0.19,India
753,Royalty PharmaRPRX,33.86,58.61,0.24,UK
754,NTPC LimitedNTPC.NS,33.83,3.49,0.48,India
755,EQT CorporationEQT,33.82,54.07,1.62,USA
756,NaspersNPSNY,33.77,9.03,0.33,South Africa
757,Expedia GroupEXPE,33.7,280.83,1.43,USA
758,Fairfax FinancialFFH.TO,33.67,1621.0,1.24,Canada
759,EricssonERIC,33.66,10.31,3.0,Sweden
760,Bajaj AutoBAJAJ-AUTO.NS,33.58,122.23,0.76,India
761,Daiichi Sankyō4568.T,33.43,18.38,1.93,Japan
762,LeonardoLDO.MI,33.43,57.95,0.06,Italy
763,CK Hutchison Holdings0001.HK,33.4,8.72,0.43,Hong Kong
764,JabilJBL,33.33,318.08,5.05,USA
765,FirstRandFSR.JO,33.32,5.99,0.65,South Africa
766,Raymond James FinancialRJF,33.32,173.46,0.04,USA
767,Alnylam PharmaceuticalsALNY,33.27,248.68,0.47,USA
768,ExperianEXPGF,33.15,37.55,0.77,Ireland
769,Victory Giant Technology300476.SZ,33.15,33.73,1.2,China
770,Oriental Land4661.T,33.06,20.16,0.49,Japan
771,International Container Terminal ServicesICTEF,33.04,16.37,0.28,Philippines
772,Crown CastleCCI,33.04,75.62,2.37,USA
773,PrudentialPUK,33.0,26.68,0.33,UK
774,Accton Technology2345.TW,33.0,59.04,0.8,Taiwan
775,China General Nuclear Power Group (CGN)003816.SZ,32.9,0.65,0.92,China
776,CenteneCNC,32.81,66.42,1.56,USA
777,"Cheniere Energy
PartnersCQP",32.79,67.74,1.54,USA
778,Arch CapitalACGL,32.78,96.09,0.11,Bermuda
779,Schindler GroupSCHN.SW,32.76,302.27,0.61,Switzerland
780,Intact FinancialIFC.TO,32.75,185.73,0.25,Canada
781,Vulcan MaterialsVMC,32.74,252.74,0.85,USA
782,Vestas Wind SystemsVWS.CO,32.72,33.45,2.08,Denmark
783,EverpureP,32.71,98.18,4.34,USA
784,Kimberly-ClarkKMB,32.64,98.15,0.34,USA
785,DollaramaDOL.TO,32.63,120.53,0.55,Canada
786,BanorteGFNORTEO.MX,32.62,11.75,0.06,Mexico
787,Teck ResourcesTECK,32.59,66.44,0.82,Canada
788,RobloxRBLX,32.5,45.5,1.38,USA
789,Gree Electric Appliances000651.SZ,32.39,5.78,0.13,China
790,JSW SteelJSWSTEEL.NS,32.31,13.24,2.99,India
791,Capitec BankCPI.JO,32.29,278.81,0.63,South Africa
792,Hua Hong Semiconductor Limited1347.HK,32.29,13.82,2.95,China
793,Sumitomo Mitsui Trust Holdings8309.T,32.13,11.67,1.53,Japan
794,BiogenBIIB,32.08,217.15,0.8,USA
795,Bajaj FinservBAJAJFINSV.NS,32.05,20.03,1.39,India
796,HPHPQ,31.99,35.48,8.4,USA
797,AlconALC,31.91,66.03,0.78,Switzerland
798,Advanced Info Service (AIS)ADVANC.BK,31.81,10.7,0.0,Thailand
799,Nomura HoldingsNMR,31.73,10.86,3.04,Japan
800,EpirocEPI-A.ST,31.71,26.21,0.24,Sweden
801,MaybankMLYBY,31.69,5.24,0.19,Malaysia
802,SAAB ABSAAB-B.ST,31.68,58.82,1.06,Sweden
803,NaturgyNTGY.MC,31.65,34.17,0.14,Spain
804,HeidelbergCementHEI.DE,31.57,179.59,0.23,Germany
805,ResMedRMD,31.48,218.27,0.6,USA
806,DexComDXCM,31.33,83.03,1.75,USA
807,Denso6902.T,31.26,12.47,0.18,Japan
808,Standard Bank GroupSBK.JO,31.22,19.28,1.1,South Africa
809,Swiss LifeSLHN.SW,31.21,1117.0,0.64,Switzerland
810,BaiduBIDU,31.2,91.4,0.89,China
811,Ahold DelhaizeAD.AS,31.18,35.69,0.48,Netherlands
812,IlluminaILMN,31.17,206.45,2.57,USA
813,Eternal (Zomato)ETERNAL.NS,31.16,3.39,0.43,India
814,Carnival CorporationCCL,31.15,22.75,1.25,USA
815,Svenska HandelsbankenSHB-A.ST,31.12,15.52,0.73,Sweden
816,ItaúsaITSA3.SA,31.07,2.77,0.21,Brazil
817,Bharat ElectronicsBEL.NS,30.93,4.23,0.16,India
818,NovonesisNZYM.VI,30.91,66.3,0.7,Denmark
819,Kühne + NagelKNIN.SW,30.89,260.17,0.75,Switzerland
820,Dassault SystèmesDSY.PA,30.82,23.46,0.69,France
821,Yankuang Energy (Yanzhou Coal Mining)600188.SS,30.78,3.07,3.79,China
822,Yuanta Financial Holding2885.TW,30.77,2.22,0.43,Taiwan
823,Credo TechnologyCRDO,30.62,162.95,1.65,USA
824,Celltrion068270.KS,30.62,133.54,0.79,S. Korea
825,Oil & Natural GasONGC.NS,30.61,2.43,2.01,India
826,TransurbanTCL.AX,30.56,9.8,0.18,Australia
827,Universal Music GroupUMG.AS,30.43,16.93,4.17,Netherlands
828,Ajinomoto2802.T,30.43,31.94,1.27,Japan
829,PG&E CorporationPCG,30.39,13.8,1.64,USA
830,Extra Space StorageEXR,30.37,137.64,0.87,USA
831,RedditRDDT,30.35,157.77,1.56,USA
832,FresnilloFNLPF,30.22,41.01,2.4,Mexico
833,ZoetisZTS,30.15,72.97,0.15,USA
834,Bridgestone5108.T,30.14,24.32,0.98,Japan
835,Inpex1605.T,30.1,25.9,1.35,Japan
836,CredicorpBAP,30.01,377.9,0.41,Bermuda
837,TechnipFMCFTI,29.93,76.34,1.01,UK
838,7-Eleven3382.T,29.89,13.19,0.97,Japan
839,Foshan Haitian Flavouring and Food603288.SS,29.87,5.11,0.2,China
840,HalliburtonHAL,29.85,35.84,0.64,USA
841,KONEKNEBV.HE,29.81,57.53,0.32,Finland
842,Sunbelt RentalsSUNB,29.78,72.68,0.68,USA
843,Grupo ACSACS.MC,29.74,113.87,1.5,Spain
844,Citizens Financial GroupCFG,29.68,70.48,1.22,USA
845,ON SemiconductorON,29.64,76.14,8.51,USA
846,Techtronic Industries0669.HK,29.51,16.16,0.24,Hong Kong
847,BOE Technology000725.SZ,29.49,0.8,0.19,China
848,Roivant SciencesROIV,29.48,40.82,0.29,UK
849,FreseniusFRE.DE,29.4,52.2,0.75,Germany
850,Cboe Global MarketsCBOE,29.34,281.04,2.24,USA
851,Willis Towers WatsonWTW,29.31,315.61,0.06,UK
852,NesteNESTE.HE,29.28,38.12,0.33,Finland
853,Haier Smart Home600690.SS,29.26,3.15,0.43,China
854,Kyocera6971.T,29.23,22.88,0.93,Japan
855,Brookfield Infrastructure PartnersBIP,29.2,36.88,1.26,Bermuda
856,Kraft HeinzKHC,29.17,24.6,0.86,USA
857,MongoDBMDB,29.13,362.21,3.12,USA
858,OktaOKTA,29.1,166.5,2.69,USA
859,AmerenAEE,29.04,104.9,0.05,USA
860,TenarisTS,28.97,57.39,0.83,Luxembourg
861,AdidasADS.DE,28.96,165.45,0.04,Germany
862,Mindray300760.SZ,28.95,23.89,1.52,China
863,GE HealthCare TechnologiesGEHC,28.87,63.93,0.48,USA
864,Chroma ATE Inc.2360.TW,28.82,68.04,0.23,Taiwan
865,SampoSAMPO.HE,28.75,10.92,0.28,Finland
866,China Coal Energy Company Limited601898.SS,28.74,2.17,1.29,China
867,Kongsberg GruppenKOG.OL,28.66,32.59,0.33,Norway
868,AvivaAV.L,28.59,9.56,0.51,UK
869,Mitsubishi Estate8802.T,28.45,23.7,1.17,Japan
870,Banco BPMBAMI.MI,28.36,18.83,0.93,Italy
871,Ingersoll RandIR,28.29,72.93,0.22,Ireland
872,AIB Group (Allied Irish Banks)A5G.IR,28.26,13.5,1.66,Ireland
873,InsmedINSM,28.26,129.41,1.67,USA
874,Hana Financial Group086790.KS,28.22,105.21,2.69,S. Korea
875,Publicis GroupePUB.PA,28.01,112.19,0.49,France
876,Teledyne TechnologiesTDY,27.98,603.79,1.22,USA
877,Nestlé IndiaNESTLEIND.NS,27.91,14.48,0.21,India
878,ZoomZM,27.88,95.57,0.12,USA
879,RyanairRYAAY,27.88,53.8,1.51,Ireland
880,LPL FinancialLPLA,27.85,353.78,1.88,USA
881,Bank Rakyat IndonesiaBBRI.JK,27.81,0.18,0.61,Indonesia
882,China National Nuclear Power601985.SS,27.81,1.35,0.22,China
883,Pembina PipelinePBA,27.8,47.81,1.1,Canada
884,FortisFTS,27.77,54.37,0.2,Canada
885,Las Vegas SandsLVS,27.74,42.83,0.54,USA
886,CopartCPRT,27.72,29.95,2.6,USA
887,ØrstedORSTED.CO,27.71,20.98,0.18,Denmark
888,DTE EnergyDTE,27.58,132.58,1.31,USA
889,Atmos EnergyATO,27.57,163.19,0.98,USA
890,Coal IndiaCOALINDIA.NS,27.5,4.46,1.3,India
891,Dollar GeneralDG,27.48,124.58,1.29,USA
892,Hapag-LloydHLAG.DE,27.43,156.12,0.96,Germany
893,SMC corp6273.T,27.42,439.01,0.97,Japan
894,FiservFISV,27.42,51.58,5.42,USA
895,Gulf Development Public CompanyGULF.BK,27.42,1.84,1.62,Thailand
896,Global Unichip Corp.3443.TW,27.37,204.29,5.72,Taiwan
897,American WaterAWK,27.36,137.69,1.54,USA
898,VICI PropertiesVICI,27.33,24.83,0.4,USA
899,Samsung Electro-Mechanics009155.KS,27.27,361.0,1.72,S. Korea
900,New China Life Insurance601336.SS,27.23,8.73,0.43,China
901,Sany Heavy Industry600031.SS,27.22,2.96,0.4,China
902,"China Jushi Co., Ltd.600176.SS",27.18,6.79,1.99,China
903,CoupangCPNG,27.17,15.12,3.07,USA
904,ExorEXO.AS,27.14,82.58,0.64,Netherlands
905,KlabinKLBN11.SA,27.08,3.81,0.15,Brazil
906,ATI Inc.ATI,27.06,198.77,0.12,USA
907,EchoStarECHO,27.05,93.14,1.4,USA
908,Cognizant Technology SolutionsCTSH,27.02,60.0,2.88,USA
909,MediobancaMB.MI,27.01,33.5,2.41,Italy
910,H&MHM-B.ST,27.0,16.92,0.03,Sweden
911,PT DCI Indonesia TbkDCII.JK,26.98,11.32,0.88,Indonesia
912,OMVOMV.F,26.95,82.64,0.49,Austria
913,BT GroupBT-A.L,26.83,2.72,0.75,UK
914,ZscalerZS,26.82,164.54,0.65,USA
915,CorpayCPAY,26.8,408.22,0.06,USA
916,China State Construction Engineering601668.SS,26.79,0.65,0.0,China
917,China Everbright Bank601818.SS,26.78,0.45,0.66,China
918,LG Electronics066570.KS,26.77,149.08,0.5,S. Korea
919,Life Insurance Corporation of India (LIC)LICI.NS,26.75,4.23,0.37,India
920,FirstEnergyFE,26.69,46.13,0.26,USA
921,VeoliaVIE.PA,26.67,36.44,0.0,France
922,George WestonWN.TO,26.67,71.27,0.85,Canada
923,China Resources Land1109.HK,26.66,3.74,0.55,Hong Kong
924,Williams-SonomaWSM,26.64,226.23,1.11,USA
925,Lens Technology300433.SZ,26.52,5.02,1.29,China
926,Astellas Pharma4503.T,26.48,14.77,1.36,Japan
927,VeriSignVRSN,26.46,292.71,1.34,USA
928,Qnity ElectronicsQ,26.44,126.4,2.5,USA
929,First Quantum MineralsFM.TO,26.43,31.69,2.31,Canada
930,Hyundai Mobis012330.KS,26.42,296.31,4.09,S. Korea
931,Amadeus IT GroupAMS.MC,26.37,62.8,1.63,Spain
932,MichelinML.PA,26.35,36.95,0.13,France
933,SupermicroSMCI,26.34,40.1,7.28,USA
934,Sungrow Power Supply300274.SZ,26.33,12.7,0.92,China
935,Otis WorldwideOTIS,26.3,69.1,1.78,USA
936,nVent ElectricNVT,26.28,162.38,4.65,UK
937,Mitsui Fudosan8801.T,26.28,9.76,0.67,Japan
938,GazpromGAZP.ME,26.25,1.1,0.13,Russia
939,Emaar PropertiesEMAAR.AE,26.23,2.97,0.37,UAE
940,Powergrid Corporation of IndiaPOWERGRID.NS,26.19,2.82,0.98,India
941,East Japan Railway9020.T,26.19,23.2,2.12,Japan
942,Hansoh Pharma3692.HK,26.19,4.32,3.55,China
943,Airports of ThailandAOT.BK,26.11,1.83,1.62,Thailand
944,National Bank of KuwaitNBK.KW,26.1,2844.0,0.34,Kuwait
945,Cincinnati FinancialCINF,26.06,169.8,0.12,USA
946,W. R. BerkleyWRB,25.94,69.9,0.21,USA
947,Quest DiagnosticsDGX,25.93,235.02,1.68,USA
948,Hexagon ABHEXA-B.ST,25.93,9.66,0.3,Sweden
949,Mettler ToledoMTD,25.91,1294.0,1.01,USA
950,Anta Sports2020.HK,25.91,9.35,1.24,China
951,Divis LaboratoriesDIVISLAB.NS,25.9,97.57,1.23,India
952,AristocratALL.AX,25.87,43.34,1.17,Australia
953,Pop Mart International Group9992.HK,25.85,19.57,0.33,China
954,Eversource EnergyES,25.8,68.52,0.68,USA
955,MTR Corporation0066.HK,25.8,4.16,0.97,Hong Kong
956,CenterPoint EnergyCNP,25.76,39.11,0.03,USA
957,GlobalFoundriesGFS,25.76,46.95,2.15,USA
958,Suzuki Motor7269.T,25.72,13.33,0.15,Japan
959,ADNOC Drilling CompanyADNOCDRILL.AE,25.7,1.61,0.0,UAE
960,Regions FinancialRF,25.66,30.13,0.6,USA
961,Helvetia Baloise Holding AGHBAN.SW,25.65,258.95,1.15,Switzerland
962,PPLPPL,25.64,34.08,0.38,USA
963,EnBW EnergieEBK.DE,25.56,78.81,0.0,Germany
964,SymboticSYM,25.5,42.13,2.51,USA
965,Hindustan ZincHINDZINC.NS,25.49,6.03,2.89,India
966,Raiffeisen Bank InternationalRAW.F,25.47,77.6,0.6,Austria
967,Dover CorporationDOV,25.46,189.05,0.9,USA
968,Texas Pacific Land CorporationTPL,25.45,369.1,0.82,USA
969,Imperial BrandsIMB.L,25.4,33.66,0.08,UK
970,J. B. HuntJBHT,25.39,270.45,0.98,USA
971,Shriram Transport FinanceSHRIRAMFIN.NS,25.33,10.77,0.91,India
972,Huatai Securities601688.SS,25.32,2.81,0.58,China
973,Fujifilm4901.T,25.32,21.18,0.96,Japan
974,DSM-FirmenichDSFIR.AS,25.31,103.06,1.18,Switzerland
975,Yili Group600887.SS,25.28,4.0,0.56,China
976,LabCorpLH,25.26,311.54,1.49,USA
977,ST EngineeringS63.SI,25.23,8.09,0.2,Singapore
978,DMartDMART.NS,25.17,38.6,0.05,India
979,ENEOS Holdings5020.T,25.17,9.48,1.11,Japan
980,CLP Group0002.HK,25.14,9.95,0.57,Hong Kong
981,Banco do BrasilBBAS3.SA,25.04,4.39,1.36,Brazil
982,Expeditors InternationalEXPD,25.03,192.6,1.73,USA
983,XylemXYL,24.97,106.96,0.38,USA
984,FortumFORTUM.HE,24.94,27.8,0.46,Finland
985,Dassault AviationAM.PA,24.89,323.13,0.29,France
986,Principal Financial GroupPFG,24.87,116.16,1.05,USA
987,Asian PaintsASIANPAINT.NS,24.8,25.88,1.02,India
988,Aluminum Corporation of China601600.SS,24.8,1.38,1.8,China
989,Largan Precision3008.TW,24.75,189.29,9.98,Taiwan
990,Formosa Petrochemical6505.TW,24.75,2.6,1.56,Taiwan
991,Moore Threads688795.SS,24.74,52.64,1.33,China
992,LY Corporation4689.T,24.73,3.61,1.86,Japan
993,Synchrony FinancialSYF,24.72,75.99,0.73,USA
994,WuXi BiologicsWXXWY,24.71,12.01,0.42,China
995,Circle Internet GroupCRCL,24.69,90.6,0.31,USA
996,International Consolidated AirlinesBABWF,24.69,5.65,0.0,Spain
997,E.SUN Bank2884.TW,24.67,1.45,0.54,Taiwan
998,Verbund AGOEWA.F,24.66,70.99,0.49,Austria
999,Bending SpoonsBSP,24.62,38.77,2.27,Italy
1000,IncyteINCY,24.62,121.47,1.47,USA
1001,MFHC2886.TW,24.58,1.66,1.55,Taiwan
1002,Fox CorporationFOX,24.57,58.45,0.67,USA
1003,Trip.comTCOM,24.57,39.02,0.83,China
1004,First Citizens BancSharesFCNCA,24.53,2173.0,0.35,USA
1005,AXIA Energia SAAXIA3.SA,24.52,10.69,1.62,Brazil
1006,Aker BPAKRBP.OL,24.45,38.77,0.55,Norway
1007,Aeon8267.T,24.43,8.83,1.91,Japan
1008,S.F. Express002352.SZ,24.41,4.64,0.06,China
1009,QBE InsuranceQBE.AX,24.39,16.33,0.64,Australia
1010,West Pharmaceutical ServicesWST,24.36,346.23,0.58,USA
1011,Canon7751.T,24.34,28.84,1.26,Japan
1012,HubbellHUBB,24.32,460.4,1.77,USA
1013,BioNTechBNTX,24.29,96.73,0.34,Germany
1014,China Minsheng Bank600016.SS,24.28,0.55,0.54,China
1015,AffirmAFRM,24.1,71.44,5.07,USA
1016,Grupo Cibest (Bancolombia)CIB,24.09,102.04,1.05,Colombia
1017,GF Securities000776.SZ,24.05,3.07,1.34,China
1018,PhilipsPHG,24.03,24.59,0.04,Netherlands
1019,Formula One GroupFWONK,23.96,95.59,0.16,USA
1020,Tower SemiconductorTSEM,23.9,211.52,1.66,Israel
1021,Tata SteelTATASTEEL.NS,23.89,1.92,2.02,India
1022,Central Japan Railway9022.T,23.86,25.14,1.79,Japan
1023,Shandong Gold Mining600547.SS,23.86,5.18,0.14,China
1024,NRG EnergyNRG,23.85,113.46,1.62,USA
1025,IndustrivardenINDU-A.ST,23.84,55.21,0.28,Sweden
1026,Darden RestaurantsDRI,23.83,209.89,1.14,USA
1027,TelefónicaTEF.MC,23.82,4.23,0.77,Spain
1028,UniperUN0.DE,23.74,57.02,0.92,Germany
1029,NornickelGMKN.ME,23.74,1.54,0.12,Russia
1030,China Unicom0762.HK,23.72,0.78,4.38,Hong Kong
1031,TapestryTPR,23.62,118.49,2.26,USA
1032,NN GroupNN.AS,23.58,90.7,1.93,Netherlands
1033,Chocoladefabriken Lindt & SprüngliLISP.SW,23.53,10304.0,2.55,Switzerland
1034,Bunge Global SABG,23.51,122.41,1.75,USA
1035,HENGTONG Optic-Electric600487.SS,23.5,9.53,2.01,China
1036,PPG IndustriesPPG,23.45,105.5,0.43,USA
1037,ULTA BeautyULTA,23.37,546.78,2.08,USA
1038,Abu Dhabi Islamic Bank (ADIB)ADIB.AE,23.37,6.44,0.42,UAE
1039,Global PaymentsGPN,23.36,88.29,0.01,USA
1040,Alfa LavalALFA.ST,23.31,56.42,0.48,Sweden
1041,F5FFIV,23.31,411.71,3.32,USA
1042,KeyCorp (KeyBank)KEY,23.3,21.84,0.51,USA
1043,Grasim IndustriesGRASIM.NS,23.29,34.35,1.12,India
1044,AST SpaceMobileASTS,23.29,59.86,0.08,USA
1045,Coca-Cola FEMSAKOF,23.25,110.71,0.08,Mexico
1046,Nippon Steel5401.T,23.24,4.45,0.36,Japan
1047,Unipol AssicurazioniUNI.MI,23.21,32.37,0.22,Italy
1048,RivianRIVN,23.2,16.03,0.12,USA
1049,Bandai Namco7832.T,23.19,36.16,3.75,Japan
1050,China International Capital Corporation601995.SS,23.17,4.8,0.59,China
1051,Northern StarNST.AX,23.11,16.23,2.74,Australia
1052,VinhomesVHM.VN,23.1,2.81,1.25,Vietnam
1053,SK Group034730.KS,23.03,422.34,2.91,S. Korea
1054,PBBank (Public Bank Bhd)1295.KL,23.03,1.19,0.62,Malaysia
1055,RokuROKU,23.0,154.93,0.53,USA
1056,TechnoprobeTPRO.MI,23.0,35.93,3.75,Italy
1057,China Securities (CSC Financial)601066.SS,22.96,3.54,0.21,China
1058,MTN GroupMTN.JO,22.94,12.52,0.06,South Africa
1059,VeraltoVLTO,22.94,94.1,0.7,USA
1060,Verisk AnalyticsVRSK,22.93,176.2,0.19,USA
1061,Naver035420.KS,22.85,152.8,0.48,S. Korea
1062,EDP GroupEDP.F,22.85,5.53,0.33,Portugal
1063,Hindalco IndustriesHINDALCO.NS,22.8,10.27,3.21,India
1064,ZTE000063.SZ,22.8,4.77,0.62,China
1065,Ems-ChemieEMSN.SW,22.78,974.1,0.13,Switzerland
1066,SharkNinjaSN,22.75,160.8,1.09,USA
1067,Casey's General StoresCASY,22.74,615.47,1.94,USA
1068,T. Rowe PriceTROW,22.67,106.29,1.17,USA
1069,Smurfit WestrockSW,22.66,43.22,2.39,Ireland
1070,Geely0175.HK,22.66,2.1,2.23,China
1071,Next plcNXT.L,22.65,198.5,1.54,UK
1072,Bank MandiriBMRI.JK,22.65,0.24,1.61,Indonesia
1073,Bank of Nanjing601009.SS,22.61,1.83,0.25,China
1074,China Merchants Securities600999.SS,22.61,2.6,0.29,China
1075,"Arxis, Inc.ARXS",22.59,52.45,0.9,USA
1076,InterContinental Hotels GroupIHG,22.55,153.83,0.69,UK
1077,VAT GroupVACN.SW,22.53,751.87,0.62,Switzerland
1078,Coles GroupCOL.AX,22.52,16.77,0.95,Australia
1079,PulteGroupPHM,22.52,118.26,1.59,USA
1080,SamsaraIOT,22.47,38.38,0.16,USA
1081,Constellation Oil Services HoldingQG21.F,22.46,14.78,2.31,Luxembourg
1082,First SolarFSLR,22.46,209.03,0.9,USA
1083,SoFiSOFI,22.36,17.32,0.64,USA
1084,Church & DwightCHD,22.33,94.15,0.22,USA
1085,SGSSGSN.SW,22.31,112.93,0.62,Switzerland
1086,"LS ELECTRIC Co., Ltd.010120.KS",22.29,149.83,1.47,S. Korea
1087,Bank of Ireland GroupBIRG.IR,22.26,23.61,1.24,Ireland
1088,AerCapAER,22.24,141.5,0.76,Ireland
1089,Loews CorporationL,22.23,108.79,0.27,USA
1090,Dollar TreeDLTR,22.17,118.17,0.41,USA
1091,AmrizeAMRZ,22.16,40.52,0.2,Switzerland
1092,Brown & BrownBRO,22.14,66.19,0.21,USA
1093,Coca-Cola HBCCCH.L,22.13,60.75,0.04,Switzerland
1094,"Samsung Fire & Marine Insurance Co., Ltd.000810.KS",22.13,501.16,1.75,S. Korea
1095,Markel GroupMKL,22.1,1784.0,0.14,USA
1096,Adani Green EnergyADANIGREEN.NS,22.09,13.41,1.37,India
1097,Hydro OneH.TO,22.06,36.76,1.41,Canada
1098,AmundiAMUN.PA,22.04,109.58,0.05,France
1099,Carpenter TechnologyCRS,21.96,443.19,1.13,USA
1100,KEPCO9503.T,21.95,19.71,2.21,Japan
1101,Expand EnergyEXE,21.95,94.83,2.11,USA
1102,Multiply GroupMULTIPLY.AE,21.92,0.63,3.56,UAE
1103,TradewebTW,21.91,101.44,1.01,USA
1104,CNH IndustrialCNH,21.83,13.58,0.59,UK
1105,"Zhejiang Sanhua Intelligent Controls Co.,Ltd002050.SZ",21.83,5.19,0.2,China
1106,BCE Inc.BCE,21.81,23.39,0.6,Canada
1107,Terumo4543.T,21.79,14.78,1.16,Japan
1108,YPF S.A.YPF,21.77,55.55,0.91,Argentina
1109,ASUS2357.TW,21.76,29.3,0.43,Taiwan
1110,Shenzhen Inovance300124.SZ,21.69,8.01,0.36,China
1111,Omnicom GroupOMC,21.67,79.01,0.55,USA
1112,GeberitGEBN.SW,21.63,668.66,0.15,Switzerland
1113,Eicher MotorsEICHERMOT.NS,21.63,78.82,2.17,India
1114,Edison InternationalEIX,21.54,56.0,1.32,USA
1115,TD SynnexSNX,21.52,269.21,5.35,USA
1116,Nan Ya PCB8046.TW,21.52,33.31,2.31,Taiwan
1117,Dr. Sulaiman Al Habib Medical Services Group Company4013.SR,21.47,61.35,1.03,S. Arabia
1118,MTU Aero EnginesMTX.DE,21.45,398.35,1.57,Germany
1119,EntegrisENTG,21.44,140.37,2.16,USA
1120,Riyad Bank1010.SR,21.43,5.38,0.83,S. Arabia
1121,TernaTRN.MI,21.4,10.67,0.11,Italy
1122,BombardierBBD-B.TO,21.4,216.96,1.6,Canada
1123,SnamSRG.MI,21.39,6.37,0.47,Italy
1124,Kingspan GroupKRX.IR,21.38,118.8,0.1,Ireland
1125,Royal GoldRGLD,21.37,252.28,0.67,USA
1126,International Flavors & FragrancesIFF,21.33,83.61,0.52,USA
1127,XPO LogisticsXPO,21.33,182.18,0.09,USA
1128,United TherapeuticsUTHR,21.32,497.11,1.34,USA
1129,Traton8TRA.DE,21.3,42.61,1.16,Germany
1130,JX Advanced Metals5016.T,21.28,23.82,0.87,Japan
1131,Fair Isaac (FICO)FICO,21.28,985.39,2.57,USA
1132,Innovent Biologics1801.HK,21.28,12.2,2.3,China
1133,Tenet HealthcareTHC,21.23,263.69,0.09,USA
1134,CK Infrastructure1038.HK,21.18,8.41,0.53,Hong Kong
1135,Coeur MiningCDE,21.15,20.58,1.18,USA
1136,Guardant HealthGH,21.11,157.38,1.04,USA
1137,Industrias PeñolesPE&OLES.MX,21.11,53.12,0.35,Mexico
1138,Solar Industries IndiaSOLARINDS.NS,21.11,233.3,0.36,India
1139,CK Asset Holdings1113.HK,21.08,6.02,0.48,Hong Kong
1140,Banco de ChileBCH,21.07,41.72,0.33,Chile
1141,CMS EnergyCMS,21.05,67.15,0.78,USA
1142,Fuyao Glass Industry Group600660.SS,21.03,8.06,0.07,China
1143,MACOM Technology SolutionsMTSI,20.99,274.9,0.91,USA
1144,Legal & GeneralLGEN.L,20.98,3.88,0.38,UK
1145,DowDOW,20.96,29.03,2.06,USA
1146,CIMB Group1023.KL,20.95,1.94,1.28,Malaysia
1147,Constellation BrandsSTZ,20.91,122.45,1.1,USA
1148,Packaging Corporation of AmericaPKG,20.88,234.4,0.86,USA
1149,Pan American SilverPAAS,20.87,50.34,0.61,Canada
1150,QNB FinansbankQNBTR.IS,20.84,3.79,0.0,Turkey
1151,Sinopac Financial Holdings2890.TW,20.81,1.41,2.06,Taiwan
1152,KGI Financial Holding2883.TW,20.71,1.22,2.11,Taiwan
1153,Bayan ResourcesBYAN.JK,20.68,0.62,11.54,Indonesia
1154,Bank of Shanghai601229.SS,20.67,1.46,0.41,China
1155,Erste Bank PolskaEBP.WA,20.67,202.28,0.69,Poland
1156,Curtiss-WrightCW,20.64,558.9,0.15,USA
1157,US FoodsUSFD,20.62,95.34,0.75,USA
1158,LyondellBasellLYB,20.57,63.69,0.95,USA
1159,SterisSTE,20.54,210.76,0.8,Ireland
1160,Lundin MiningLUN.TO,20.53,24.13,3.04,Canada
1161,TVS MotorTVSMOTOR.NS,20.51,43.18,0.08,India
1162,Hua Nan Financial Holdings2880.TW,20.48,1.46,0.65,Taiwan
1163,Banco SabadellSAB.MC,20.44,4.33,2.13,Spain
1164,Partners GroupPGHN.SW,20.4,792.01,1.04,Switzerland
1165,Kubota6326.T,20.39,18.1,0.02,Japan
1166,StellantisSTLA,20.34,5.4,2.27,Netherlands
1167,Kaō4452.T,20.31,22.46,1.95,Japan
1168,Western MidstreamWES,20.25,49.03,1.74,USA
1169,Ralph LaurenRL,20.2,339.09,0.72,USA
1170,SantosSTO.AX,20.19,6.22,1.22,Australia
1171,China Tower0788.HK,20.18,1.15,0.28,China
1172,Banco Comercial Português (Millennium bcp)BCP.LS,20.17,1.38,2.32,Portugal
1173,SAIC Motor600104.SS,20.17,1.75,0.43,China
1174,CF IndustriesCF,20.13,133.07,1.51,USA
1175,Mizrahi-TefahotMZTF.TA,20.13,77.31,0.38,Israel
1176,InterGlobe Aviation (IndiGo)INDIGO.NS,20.12,52.05,0.57,India
1177,RelianceRS,20.12,394.21,0.46,USA
1178,Banca MediolanumBMED.MI,20.11,27.14,1.25,Italy
1179,Lasertec6920.T,20.1,224.25,0.26,Japan
1180,Alpha DhabiALPHADHABI.AE,20.09,2.01,0.14,UAE
1181,PT Amman Mineral Internasional TbkAMMN.JK,20.07,0.28,0.41,Indonesia
1182,China Northern Rare Earth (CNREHT)600111.SS,20.06,5.55,0.69,China
1183,Indian OilIOC.NS,19.96,1.41,0.13,India
1184,GenmabGMAB,19.96,32.47,0.74,Denmark
1185,Sociedad Química y MineraSQM,19.96,69.88,3.6,Chile
1186,Lite-On Technology2301.TW,19.91,8.78,0.36,Taiwan
1187,Permian ResourcesPR,19.91,23.78,0.34,USA
1188,WoodwardWWD,19.91,337.26,1.35,USA
1189,NiSourceNI,19.85,41.41,0.02,USA
1190,HD Hyundai Electric267260.KS,19.85,551.72,0.67,S. Korea
1191,EquifaxEFX,19.85,169.0,0.57,USA
1192,Rongsheng Petrochemical002493.SZ,19.82,1.98,2.13,China
1193,China National Uranium001280.SZ,19.81,9.58,0.03,China
1194,CapgeminiCAP.PA,19.79,119.26,1.38,France
1195,Alinma Bank1150.SR,19.79,6.6,1.55,S. Arabia
1196,Torrent PharmaceuticalsTORNTPHARM.NS,19.76,51.97,0.72,India
1197,Evolution MiningEVN.AX,19.74,9.66,3.54,Australia
1198,WärtsiläWRT1V.HE,19.74,33.5,0.28,Finland
1199,Singapore ExchangeS68.SI,19.74,18.44,3.79,Singapore
1200,Nidec6594.T,19.68,17.17,1.9,Japan
1201,China Galaxy Securities601881.SS,19.67,1.8,1.34,China
1202,SBA CommunicationsSBAC,19.67,185.47,2.23,USA
1203,Cellnex TelecomCLNX.MC,19.67,29.75,1.74,Spain
1204,Fidelity National Information ServicesFIS,19.66,38.14,0.16,USA
1205,BouyguesEN.PA,19.65,50.97,0.3,France
1206,Charter CommunicationsCHTR,19.64,145.77,3.71,USA
1207,Eurobank Ergasias Services and HoldingsEUROB.AT,19.62,5.47,1.46,Greece
1208,Hanwha Ocean (DSME)042660.KS,19.59,63.95,0.47,S. Korea
1209,Arca ContinentalAC.MX,19.57,11.53,0.36,Mexico
1210,AmcorAMCR,19.56,42.32,1.58,Switzerland
1211,Rogers CommunicationsRCI,19.56,36.21,0.33,Canada
1212,TelenorTEL.OL,19.55,14.39,0.3,Norway
1213,Hyosung Heavy Industries Corporation298040.KS,19.52,2097.0,1.19,S. Korea
1214,AVIC Shenyang Aircraft Company Limited600760.SS,19.52,6.89,3.81,China
1215,BorougeBOROUGE.AE,19.47,0.65,0.0,UAE
1216,Snap-onSNA,19.42,375.44,0.16,USA
1217,Sumitomo Realty & Development8830.T,19.37,20.98,0.47,Japan
1218,Unity SoftwareU,19.34,43.96,4.49,USA
1219,Nippon Yūsen9101.T,19.33,47.9,1.42,Japan
1220,MasTecMTZ,19.3,240.41,3.54,USA
1221,CDW CorporationCDW,19.22,153.79,7.85,USA
1222,Southwest AirlinesLUV,19.19,39.24,1.42,USA
1223,FedEx FreightFDXF,19.18,128.31,3.46,USA
1224,CRRC1766.HK,19.17,0.67,0.95,China
1225,LennarLEN,19.17,79.6,2.18,USA
1226,HF SinclairDINO,19.17,107.84,0.11,USA
1227,General MillsGIS,19.16,35.85,0.31,USA
1228,HD Korea Shipbuilding & Offshore Engineering009540.KS,19.16,271.03,0.27,S. Korea
1229,Kaspi.kz Joint Stock CompanyKKS.F,19.14,98.98,2.15,Kazakhstan
1230,Woori Financial GroupWF,19.14,78.87,5.78,S. Korea
1231,IHH HealthcareQ0F.SI,19.12,2.11,0.0,Malaysia
1232,Broadridge Financial SolutionsBR,19.12,167.74,0.3,USA
1233,FTAI AviationFTAI,19.1,186.06,3.32,USA
1234,Bank of Hangzhou600926.SS,19.07,2.63,0.8,China
1235,Best BuyBBY,19.04,90.8,3.08,USA
1236,SiTimeSITM,19.04,635.66,5.54,USA
1237,Knorr-BremseKBX.DE,19.03,118.1,0.49,Germany
1238,POSCOPKX,19.03,62.94,2.18,S. Korea
1239,Baosteel600019.SS,19.03,0.87,0.34,China
1240,Shanghai International Port Group (SIPG)600018.SS,18.98,0.82,0.36,China
1241,ViatrisVTRS,18.96,16.51,0.79,USA
1242,Telefonica BrasilVIV,18.93,11.85,0.59,Brazil
1243,Chery Automobile9973.HK,18.9,3.25,2.33,China
1244,KGHM Polska MiedźKGH.WA,18.86,94.3,1.4,Poland
1245,SS&C TechnologiesSSNC,18.83,80.27,1.71,USA
1246,Telecom ItaliaTIT.MI,18.82,8.83,1.82,Italy
1247,EvergyEVRG,18.81,81.62,0.32,USA
1248,IHI Corporation7013.T,18.81,17.75,2.4,Japan
1249,Konami Holdings9766.T,18.81,138.79,2.94,Japan
1250,Essex Property TrustESS,18.81,272.91,0.57,USA
1251,Bank Pekao (Bank Polska Kasa Opieki)PEO.WA,18.8,71.66,0.68,Poland
1252,Julius BärBAER.SW,18.78,91.32,0.27,Switzerland
1253,ASICS Corporation7936.T,18.77,26.48,2.08,Japan
1254,Nomura Research Institute4307.T,18.73,33.45,4.94,Japan
1255,Daiwa House1925.T,18.72,30.22,1.07,Japan
1256,Krung Thai BankKTB.BK,18.68,1.34,1.14,Thailand
1257,KE HoldingsBEKE,18.65,16.93,1.44,China
1258,Tyson FoodsTSN,18.63,52.98,0.99,USA
1259,TPG Inc.TPG,18.62,47.69,1.62,USA
1260,Great Wall Motors601633.SS,18.61,2.18,0.76,China
1261,SabespSBS,18.6,5.29,0.56,Brazil
1262,ToastTOST,18.56,32.12,0.56,USA
1263,HalmaHLMA.L,18.55,49.12,1.28,UK
1264,BeiersdorfBEI.DE,18.53,84.98,0.03,Germany
1265,Norsk HydroNHY.OL,18.5,9.42,3.8,Norway
1266,Hyundai Motor IndiaHYUNDAI.NS,18.48,22.75,1.41,India
1267,PTT Exploration and ProductionPTTEP.BK,18.47,4.65,0.32,Thailand
1268,The Saudi British Bank1060.SR,18.43,8.97,0.3,S. Arabia
1269,Genuine Parts CompanyGPC,18.42,133.68,0.36,USA
1270,Tenaga NasionalTNABY,18.42,12.64,0.86,Malaysia
1271,Plains All American PipelinePAA,18.41,26.1,1.5,USA
1272,Telia CompanyTELIA.ST,18.4,4.68,0.02,Sweden
1273,VodacomVOD.JO,18.4,9.53,2.08,South Africa
1274,National Bank of GreeceETE.AT,18.36,20.49,1.96,Greece
1275,StraumannSTMN.SW,18.36,115.16,0.56,Switzerland
1276,Advantech2395.TW,18.35,21.12,0.74,Taiwan
1277,MashreqbankMASQ.AE,18.35,91.49,0.0,UAE
1278,ITTITT,18.33,204.14,4.03,USA
1279,EuronextENX.PA,18.28,183.36,1.31,Netherlands
1280,Wistron Corporation3231.TW,18.22,5.73,2.16,Taiwan
1281,Wilmar InternationalF34.SI,18.21,2.92,0.27,Singapore
1282,ageasAGS.BR,18.21,87.04,1.56,Belgium
1283,Galaxy Entertainment0027.HK,18.2,4.16,0.55,Hong Kong
1284,International PaperIP,18.19,34.36,0.2,USA
1285,EssityESSITY-B.ST,18.17,26.89,0.53,Sweden
1286,First Financial Holding2892.TW,18.13,1.26,2.7,Taiwan
1287,CSG N.V. (The Czechoslovak Group)CSG.AS,18.13,18.13,4.8,Czech Republic
1288,Samvardhana MothersonMOTHERSON.NS,18.12,1.72,0.77,India
1289,Gen DigitalGEN,18.11,30.26,0.98,USA
1290,MKS InstrumentsMKSI,18.07,267.31,2.09,USA
1291,Galp EnergiaGZ5.F,17.98,24.87,0.47,Portugal
1292,Grupo CarsoGCARSOA1.MX,17.97,7.98,0.26,Mexico
1293,Furukawa Electric5801.T,17.92,25.48,1.61,Japan
1294,Kazatomprom0ZQ.F,17.91,69.08,4.18,Kazakhstan
1295,China Steel2002A.TW,17.9,1.17,0.27,Taiwan
1296,KasikornbankKBANK.BK,17.9,7.56,2.45,Thailand
1297,Hongkong LandH78.SI,17.87,8.39,1.06,Hong Kong
1298,BramblesBXB.AX,17.85,13.41,0.54,Australia
1299,C. H. RobinsonCHRW,17.85,152.78,0.24,USA
1300,Zhongjin Gold600489.SS,17.84,3.68,0.65,China
1301,KPNKPN.AS,17.84,4.73,0.54,Netherlands
1302,Swire Properties1972.HK,17.83,3.1,0.41,Hong Kong
1303,RubrikRBRK,17.83,86.65,2.54,USA
1304,Zimmer BiometZBH,17.83,93.49,1.14,USA
1305,Hengli Petrochemical600346.SS,17.83,2.53,1.62,China
1306,NutanixNTNX,17.81,65.92,0.76,USA
1307,Bank of Beijing601169.SS,17.81,0.84,1.07,China
1308,VonoviaVNA.DE,17.8,20.98,0.89,Germany
1309,DWS GroupDWS.F,17.76,88.84,0.2,Germany
1310,Saudi Electricity5110.SR,17.75,4.26,1.72,S. Arabia
1311,East West BancorpEWBC,17.69,129.17,0.15,USA
1312,SBI Life InsuranceSBILIFE.NS,17.69,17.63,0.93,India
1313,Magna InternationalMGA,17.69,66.13,1.52,Canada
1314,Air China601111.SS,17.69,0.86,0.34,China
1315,Powszechny Zakład UbezpieczeńPZU.WA,17.68,20.48,1.25,Poland
1316,BankinterBKT.MC,17.63,19.62,1.8,Spain
1317,SPEEH HidroelectricaH2O.RO,17.62,39.17,2.74,
1318,OvintivOVV,17.61,63.69,0.48,USA
1319,Korea Zinc010130.KS,17.6,863.27,1.53,S. Korea
1320,Adani Energy SolutionsADANIENSOL.NS,17.57,14.37,1.36,India
1321,News CorpNWS,17.54,32.71,0.21,USA
1322,WSP GlobalWSP.TO,17.51,129.95,0.69,Canada
1323,NordsonNDSN,17.51,314.47,2.28,USA
1324,Hwatsing Technology688120.SS,17.47,35.2,0.42,China
1325,Flutter EntertainmentFLUT,17.45,100.56,1.91,Ireland
1326,Alliant EnergyLNT,17.43,67.26,0.01,USA
1327,Associated British FoodsABF.L,17.41,24.92,0.89,UK
1328,WESCO InternationalWCC,17.36,356.32,3.73,USA
1329,BE SemiconductorBESI.AS,17.36,219.34,2.8,Netherlands
1330,Pernod RicardRI.PA,17.34,68.87,0.13,France
1331,Ascendis PharmaASND,17.33,263.52,0.87,Denmark
1332,CarlsbergCARL-B.CO,17.31,131.02,2.29,Denmark
1333,IREN (Iris Energy)IREN,17.27,43.83,0.44,Australia
1334,CVC Capital Partners plcCVC.AS,17.26,15.83,0.07,
1335,SDIC Power Holdings600886.SS,17.26,2.16,0.07,China
1336,Tourmaline OilTOU.TO,17.2,44.26,1.57,Canada
1337,Tractor SupplyTSCO,17.19,33.01,1.52,USA
1338,SK Innovation096770.KS,17.19,102.24,5.04,S. Korea
1339,Onto InnovationONTO,17.19,281.26,4.59,USA
1340,China Overseas Land & Investment0688.HK,17.16,1.57,1.44,Hong Kong
1341,ASR NederlandASRNL.AS,17.16,85.14,1.1,Netherlands
1342,Dupont De NemoursDD,17.14,126.99,0.26,USA
1343,MetsoMETSO.HE,17.1,20.65,0.56,Finland
1344,Franklin ResourcesBEN,17.09,33.65,0.03,USA
1345,Wolters KluwerWKL.AS,17.08,76.77,0.06,Netherlands
1346,SEGROSGRO.L,17.07,12.62,0.09,UK
1347,Clean HarborsCLH,17.04,322.82,0.59,USA
1348,Lattice SemiconductorLSCC,17.0,119.76,4.92,USA
1349,COSCO Shipping Energy600026.SS,16.99,3.11,0.0,China
1350,Vodafone IdeaIDEA.NS,16.97,0.16,0.47,India
1351,Nippon Paint4612.T,16.97,7.32,2.55,Japan
1352,Industries QatarIQCD.QA,16.95,2.8,2.0,Qatar
1353,FalabellaFALABELLA.SN,16.92,6.75,0.78,Chile
1354,Airtel AfricaAAF.L,16.92,4.66,0.58,UK
1355,Hong Kong and China Gas0003.HK,16.91,0.91,0.97,Hong Kong
1356,Kuaishou Technology1024.HK,16.88,3.92,1.6,China
1357,Daiwa Securities Group8601.T,16.86,12.15,1.38,Japan
1358,Zangge Mining Company000408.SZ,16.85,10.74,0.83,China
1359,Public Power CorporationPPC.AT,16.78,28.58,0.8,Greece
1360,B3B3SA3.SA,16.78,3.37,2.15,Brazil
1361,Sumitomo Metal Mining5713.T,16.78,62.5,1.33,Japan
1362,Al Dar PropertiesALDAR.AE,16.72,2.13,0.13,UAE
1363,WiproWIT,16.71,1.69,1.2,India
1364,RollinsROL,16.71,34.73,0.49,USA
1365,DLFDLF.NS,16.69,6.75,1.73,India
1366,PidilitePIDILITIND.NS,16.69,16.4,0.13,India
1367,mBankMBK.WA,16.67,392.2,1.46,Poland
1368,Secom9735.T,16.65,41.75,1.31,Japan
1369,Evolution GamingEVO.ST,16.64,90.07,1.25,Sweden
1370,Tata MotorsTATAMOTORS.NS,16.63,4.52,0.0,India
1371,Resonac Holdings Corporation4004.T,16.61,87.61,5.77,Japan
1372,Jacobs EngineeringJ,16.6,141.85,0.94,USA
1373,Banco Santander-ChileBSAC,16.57,35.19,0.23,Chile
1374,Zebra TechnologiesZBRA,16.57,350.37,1.85,USA
1375,Power Assets0006.HK,16.57,7.78,0.33,Hong Kong
1376,Zhejiang Century Huatong002602.SZ,16.55,2.25,3.21,China
1377,Blue Owl CapitalOWL,16.54,10.56,1.25,USA
1378,IDEXIEX,16.52,224.21,1.24,USA
1379,James Hardie IndustriesJHX,16.52,28.47,0.99,Ireland
1380,FortiveFTV,16.51,54.69,0.33,USA
1381,Annaly Capital ManagementNLY,16.5,21.9,0.45,USA
1382,Cholamandalam Investment and FinanceCHOLAFIN.NS,16.5,19.32,0.7,India
1383,NVRNVR,16.49,6161.0,1.19,USA
1384,FinecoBankFBK.MI,16.49,26.96,1.53,Italy
1385,Singapore AirlinesC6L.SI,16.48,5.23,0.45,Singapore
1386,Huaneng Power International600011.SS,16.48,1.04,0.58,China
1387,ComputershareCPU.AX,16.44,28.44,0.56,Australia
1388,SonovaSOON.SW,16.44,276.81,1.39,Switzerland
1389,MedpaceMEDP,16.39,587.52,0.75,USA
1390,Türkiye Petrol RafinerileriTUPRS.IS,16.39,8.51,0.78,Turkey
1391,APi GroupAPG,16.36,37.86,1.28,USA
1392,ContinentalCON.DE,16.34,81.73,0.25,Germany
1393,Amer SportsAS,16.33,28.07,2.41,Finland
1394,Invitation HomesINVH,16.26,27.54,0.07,USA
1395,Whitecap ResourcesWCP.TO,16.25,13.37,0.91,Canada
1396,Reinsurance Group of AmericaRGA,16.24,248.72,0.51,USA
1397,Lundin GoldLUG.TO,16.21,67.08,0.27,Canada
1398,MillicomTIGO,16.21,96.68,0.22,Luxembourg
1399,Luzhou Laojiao000568.SZ,16.2,11.01,0.27,China
1400,LeidosLDOS,16.17,128.86,0.53,USA
1401,Evergreen Marine2603.TW,16.16,7.47,0.85,Taiwan
1402,HANMI Semiconductor042700.KS,16.15,170.28,0.87,S. Korea
1403,TatneftTATN.ME,16.14,7.36,1.03,Russia
1404,ABB IndiaABB.NS,16.13,76.14,0.75,India
1405,PolyusPLZL.ME,16.13,12.01,1.13,Russia
1406,Lingyi iTECH002600.SZ,16.11,1.98,1.6,China
1407,Meritz Financial Group138040.KS,16.09,97.7,2.34,S. Korea
1408,BolidenBOL.ST,16.07,56.6,0.59,Sweden
1409,KeppelBN4.SI,16.06,8.93,0.96,Singapore
1410,Viper EnergyVNOM,16.05,44.71,0.29,USA
1411,BAWAG Group0B2.F,16.04,208.39,0.95,Austria
1412,Mitsui O.S.K. Lines9104.T,16.02,46.64,1.77,Japan
1413,Saudi Arabian Fertilizer Company2020.SR,16.01,33.64,0.47,S. Arabia
1414,China Tourism Group Duty Free601888.SS,15.99,7.7,0.06,China
1415,EDP RenováveisEDPR.LS,15.99,15.09,0.76,Spain
1416,"Xi'an Eswin Material Technology Co.,Ltd.688783.SS",15.98,3.96,2.51,China
1417,Azrieli GroupAZRG.TA,15.96,128.21,0.82,Israel
1418,Jones Lang LaSalleJLL,15.96,346.97,1.41,USA
1419,DiDiDIDIY,15.95,3.54,2.31,China
1420,Jazz PharmaceuticalsJAZZ,15.95,245.8,2.21,Ireland
1421,EVE Energy300014.SZ,15.93,7.33,1.21,China
1422,Rede D'Or Sao LuizRDOR3.SA,15.93,7.34,1.18,Brazil
1423,WeyerhaeuserWY,15.89,22.06,0.32,USA
1424,Jio Financial ServicesJIOFIN.NS,15.88,2.41,0.15,India
1425,Neurocrine BiosciencesNBIX,15.87,156.22,0.22,USA
1426,Henderson Land Development0012.HK,15.86,3.28,1.46,Hong Kong
1427,Ball CorporationBALL,15.85,59.9,0.27,USA
1428,PMetal (Press Metal Aluminium)8869.KL,15.85,1.92,0.9,Malaysia
1429,Datang International Power Generation Company601991.SS,15.83,0.86,0.69,China
1430,Futu HoldingsFUTU,15.8,112.73,0.69,Hong Kong
1431,Shionogi4507.T,15.78,18.55,0.87,Japan
1432,UPM-KymmeneUPM.HE,15.75,29.87,0.59,Finland
1433,W. P. CareyWPC,15.74,69.12,0.62,USA
1434,Swedish Orphan BiovitrumSOBI.ST,15.73,45.12,0.09,Sweden
1435,MapfreMAP.MC,15.73,5.13,1.24,Spain
1436,Bharat Heavy Electricals LimitedBHEL.NS,15.7,4.51,0.35,India
1437,SITC International1308.HK,15.69,5.83,0.84,Hong Kong
1438,Korea Electric PowerKEP,15.67,12.21,2.69,S. Korea
1439,APA CorporationAPA,15.67,44.73,0.45,USA
1440,RBC BearingsRBC,15.66,494.83,3.51,USA
1441,Sieyuan Electric002028.SZ,15.65,20.01,0.36,China
1442,China Three Gorges Renewables600905.SS,15.64,0.55,0.27,China
1443,Trent LimitedTRENT.NS,15.64,29.33,0.58,India
1444,Nexon3659.T,15.63,20.07,0.52,Japan
1445,Sterling InfrastructureSTRL,15.63,511.04,5.4,USA
1446,South32S32.AX,15.62,3.49,2.89,Australia
1447,SemtechSMTC,15.6,167.24,5.1,USA
1448,Yangzijiang Shipbuilding (Holdings) Ltd.BS6.SI,15.58,3.96,0.8,China
1449,ZTO ExpressZTO,15.57,20.61,1.15,China
1450,Unibail-Rodamco-WestfieldURW.PA,15.56,107.67,0.13,France
1451,Kimco RealtyKIM,15.55,23.19,0.43,USA
1452,ING Bank SlaskiING.WA,15.54,119.52,0.18,Poland
1453,PharmaEssentia6446.TW,15.54,37.57,7.03,Taiwan
1454,LG Chem051910.KS,15.54,198.53,2.19,S. Korea
1455,RB GlobalRBA,15.48,83.6,3.8,Canada
1456,GFL EnvironmentalGFL,15.46,42.85,2.93,Canada
1457,Corebridge FinancialCRBG,15.45,34.67,1.43,USA
1458,Host Hotels & ResortsHST,15.45,22.24,0.45,USA
1459,Banco de Crédito e InversionesBCI.SN,15.44,70.65,1.51,Chile
1460,T&D Holdings8795.T,15.43,32.53,1.48,Japan
1461,AramarkARMK,15.43,58.55,3.15,USA
1462,CemexCX,15.42,10.69,0.28,Mexico
1463,Piraeus Financial HoldingsTPEIR.AT,15.42,12.52,2.81,Greece
1464,Kerry GroupKRZ.IR,15.38,96.78,0.24,Ireland
1465,Hyatt HotelsH,15.36,163.07,1.04,USA
1466,AkamaiAKAM,15.34,106.79,0.32,USA
1467,Asahi Group2502.T,15.33,10.49,1.64,Japan
1468,The Phoenix HoldingsPHOE.TA,15.33,60.82,0.0,Israel
1469,SCB (Siam Commercial Bank)SCB.BK,15.31,4.55,1.35,Thailand
1470,Nippon Sanso4091.T,15.29,35.34,1.02,Japan
1471,Admiral GroupADM.L,15.29,51.18,0.0,UK
1472,TCL Technology Group Corporation000100.SZ,15.28,0.7,0.65,China
1473,Sichuan Biokin Pharmaceutical688506.SS,15.27,36.99,3.96,China
1474,INNIO N.V.INIO,15.26,20.35,3.83,Germany
1475,Inspur000977.SZ,15.16,10.33,1.8,China
1476,Osaka Gas9532.T,15.15,40.14,2.19,Japan
1477,Huagong Tech000988.SZ,15.14,15.06,2.77,China
1478,Lamar AdvertisingLAMR,15.13,149.08,0.93,USA
1479,Guosen Securities002736.SZ,15.13,1.48,0.7,China
1480,Hua Xia Bank600015.SS,15.11,0.95,0.31,China
1481,Shanghai Electric Group601727.SS,15.1,0.97,0.61,China
1482,EmeraEMA.TO,15.1,49.18,0.42,Canada
1483,Bitmine Immersion TechnologiesBMNR,15.09,25.03,3.43,USA
1484,Carlyle GroupCG,15.08,42.34,1.69,USA
1485,Pershing Square Inc.PS,15.06,37.67,2.36,USA
1486,Alamos GoldAGI,15.03,35.92,0.7,Canada
1487,IpsenIPN.PA,15.03,182.08,0.45,France
1488,China Satellite Communications601698.SS,15.02,3.56,1.28,China
1489,Informa plcINF.L,15.01,12.02,1.72,UK
1490,Burlington StoresBURL,15.01,239.04,0.42,USA
1491,LATAM AirlinesLTM,15.01,51.29,1.2,Chile
1492,SuncorpSUN.AX,15.0,14.15,0.92,Australia
1493,Omega Healthcare InvestorsOHI,15.0,46.99,0.09,USA
1494,Pinnacle Financial PartnersPNFP,15.0,99.27,0.13,USA
1495,CG Power and Industrial SolutionsCGPOWER.NS,14.98,9.51,0.61,India
1496,Talen EnergyTLN,14.98,312.74,0.39,USA
1497,Grupo Financiero InbursaGFINBURO.MX,14.96,2.5,0.68,Mexico
1498,BB Seguridade ParticipaçõesBBSE3.SA,14.95,7.7,4.13,Brazil
1499,Gjensidige ForsikringGJF.OL,14.95,29.9,0.36,Norway
1500,UnumUNM,14.94,94.42,0.12,USA
